"accepted_taxa","original_taxa_Dcube","Diaspore.exposure_Dcube","Diaspore.height_mm_Dcube","Diaspore.mass_mg_Dcube","Diaspore.type_Dcube","Fruit.type_Dcube","Anemochory_rank_Dcube","Epizoochory_rank_Dcube","Hydrochory_rank_Dcube"
"Abelmoschus esculentus",NA,NA,NA,NA,NA,NA,NA,NA,NA
"Abelmoschus ficulneus",NA,NA,NA,NA,NA,NA,NA,NA,NA
"Abrus canescens",NA,NA,NA,NA,NA,NA,NA,NA,NA
"Abrus precatorius",NA,NA,NA,NA,NA,NA,NA,NA,NA
"Abutilon",NA,NA,NA,NA,NA,NA,NA,NA,NA
"Abutilon angulatum",NA,NA,NA,NA,NA,NA,NA,NA,NA
"Abutilon indicum",NA,NA,NA,NA,NA,NA,NA,NA,NA
"Abutilon mauritianum",NA,NA,NA,NA,NA,NA,NA,NA,NA
"Abutilon pseudocleistogamum",NA,NA,NA,NA,NA,NA,NA,NA,NA
"Acacia lunata",NA,NA,NA,NA,NA,NA,NA,NA,NA
"Acacia mangium",NA,NA,NA,NA,NA,NA,NA,NA,NA
"Acacia mearnsii",NA,NA,NA,NA,NA,NA,NA,NA,NA
"Acacia spirorbis",NA,NA,NA,NA,NA,NA,NA,NA,NA
"Acalypha",NA,NA,NA,NA,NA,NA,NA,NA,NA
"Acalypha alopecuroides",NA,NA,NA,NA,NA,NA,NA,NA,NA
"Acalypha arvensis",NA,NA,NA,NA,NA,NA,NA,NA,NA
"Acalypha ciliata",NA,NA,NA,NA,NA,NA,NA,NA,NA
"Acalypha crenata",NA,NA,NA,NA,NA,NA,NA,NA,NA
"Acalypha indica",NA,NA,NA,NA,NA,NA,NA,NA,NA
"Acalypha paniculata",NA,NA,NA,NA,NA,NA,NA,NA,NA
"Acalypha petiolaris",NA,NA,NA,NA,NA,NA,NA,NA,NA
"Acalypha segetalis",NA,NA,NA,NA,NA,NA,NA,NA,NA
"Acanthocereus tetragonus",NA,NA,NA,NA,NA,NA,NA,NA,NA
"Acanthospermum australe",NA,NA,NA,NA,NA,NA,NA,NA,NA
"Acanthospermum hispidum",NA,NA,NA,NA,NA,NA,NA,NA,NA
"Achyranthes aspera",NA,NA,NA,NA,NA,NA,NA,NA,NA
"Acmella caulirhiza",NA,NA,NA,NA,NA,NA,NA,NA,NA
"Acmella uliginosa",NA,NA,NA,NA,NA,NA,NA,NA,NA
"Acridocarpus smeathmannii",NA,NA,NA,NA,NA,NA,NA,NA,NA
"Acroceras amplectens",NA,NA,NA,NA,NA,NA,NA,NA,NA
"Acroceras gabunense",NA,NA,NA,NA,NA,NA,NA,NA,NA
"Acroceras hubbardii",NA,NA,NA,NA,NA,NA,NA,NA,NA
"Acroceras zizanioides",NA,NA,NA,NA,NA,NA,NA,NA,NA
"Adenia cissampeloides",NA,NA,NA,NA,NA,NA,NA,NA,NA
"Adenia lobata",NA,NA,NA,NA,NA,NA,NA,NA,NA
"Adenopodia scelerata",NA,NA,NA,NA,NA,NA,NA,NA,NA
"Adenosma indiana",NA,NA,NA,NA,NA,NA,NA,NA,NA
"Adiantum vogelii",NA,NA,NA,NA,NA,NA,NA,NA,NA
"Aerva javanica",NA,NA,NA,NA,NA,NA,NA,NA,NA
"Aeschynomene",NA,NA,NA,NA,NA,NA,NA,NA,NA
"Aeschynomene afraspera",NA,NA,NA,NA,NA,NA,NA,NA,NA
"Aeschynomene americana",NA,NA,NA,NA,NA,NA,NA,NA,NA
"Aeschynomene indica",NA,NA,NA,NA,NA,NA,NA,NA,NA
"Aeschynomene patula",NA,NA,NA,NA,NA,NA,NA,NA,NA
"Aeschynomene sensitiva",NA,NA,NA,NA,NA,NA,NA,NA,NA
"Aframomum alboviolaceum",NA,NA,NA,NA,NA,NA,NA,NA,NA
"Afrocayratia gracilis",NA,NA,NA,NA,NA,NA,NA,NA,NA
"Afromorus mesozygia",NA,NA,NA,NA,NA,NA,NA,NA,NA
"Aganope leucobotrya",NA,NA,NA,NA,NA,NA,NA,NA,NA
"Agelaea pentagyna",NA,NA,NA,NA,NA,NA,NA,NA,NA
"Ageratina riparia",NA,NA,NA,NA,NA,NA,NA,NA,NA
"Ageratum conyzoides",NA,NA,NA,NA,NA,NA,NA,NA,NA
"Ageratum houstonianum",NA,NA,NA,NA,NA,NA,NA,NA,NA
"Agrostis capillaris","Agrostis capillaris l.","Covered partly",NA,NA,"Fruit","Non-fleshy fruit",0.81,NA,0.6
"Agrostis salaziensis",NA,NA,NA,NA,NA,NA,NA,NA,NA
"Alafia barteri",NA,NA,NA,NA,NA,NA,NA,NA,NA
"Albertisia cordifolia",NA,NA,NA,NA,NA,NA,NA,NA,NA
"Albertisia scandens",NA,NA,NA,NA,NA,NA,NA,NA,NA
"Albizia adianthifolia",NA,NA,NA,NA,NA,NA,NA,NA,NA
"Albizia chinensis",NA,NA,NA,NA,NA,NA,NA,NA,NA
"Albizia dinklagei",NA,NA,NA,NA,NA,NA,NA,NA,NA
"Albizia lebbeck",NA,NA,NA,NA,NA,NA,NA,NA,NA
"Albizia zygia",NA,NA,NA,NA,NA,NA,NA,NA,NA
"Alchornea cordifolia",NA,NA,NA,NA,NA,NA,NA,NA,NA
"Alectra linearis",NA,NA,NA,NA,NA,NA,NA,NA,NA
"Allium chinense",NA,NA,NA,NA,NA,NA,NA,NA,NA
"Allium neapolitanum",NA,NA,NA,NA,NA,NA,NA,NA,NA
"Allophylus africanus",NA,NA,NA,NA,NA,NA,NA,NA,NA
"Allophylus spicatus",NA,NA,NA,NA,NA,NA,NA,NA,NA
"Alloteropsis paniculata",NA,NA,NA,NA,NA,NA,NA,NA,NA
"Alstonia boonei",NA,NA,NA,NA,NA,NA,NA,NA,NA
"Alternanthera",NA,NA,NA,NA,NA,NA,NA,NA,NA
"Alternanthera littoralis",NA,NA,NA,NA,NA,NA,NA,NA,NA
"Alternanthera pungens",NA,NA,NA,NA,NA,NA,NA,NA,NA
"Alternanthera sessilis",NA,NA,NA,NA,NA,NA,NA,NA,NA
"Alysicarpus monilifer",NA,NA,NA,NA,NA,NA,NA,NA,NA
"Alysicarpus ovalifolius",NA,NA,NA,NA,NA,NA,NA,NA,NA
"Alysicarpus rugosus",NA,NA,NA,NA,NA,NA,NA,NA,NA
"Alysicarpus vaginalis",NA,NA,NA,NA,NA,NA,NA,NA,NA
"Amaranthus","Amaranthus blitum l. s.l._Amaranthus graecizans l._Amaranthus hybridus agg.","Enclosed",1,0.578893666666667,"Seed","Fruit with upright aperture",0.243333333333333,0.246666666666667,NA
"Amaranthus blitum","Amaranthus blitum l. s.l.","Enclosed",NA,0.4486,"Seed","Fruit with upright aperture",0.28,0.25,NA
"Amaranthus blitum emarginatus","Amaranthus blitum l. s.l.","Enclosed",NA,0.4486,"Seed","Fruit with upright aperture",0.28,0.25,NA
"Amaranthus dubius",NA,NA,NA,NA,NA,NA,NA,NA,NA
"Amaranthus graecizans","Amaranthus graecizans l.","Enclosed",NA,0.801,"Seed","Fruit with upright aperture",0.23,0.22,NA
"Amaranthus hybridus","Amaranthus hybridus agg.","Enclosed",1,0.487081,"Seed","Fruit with upright aperture",0.22,0.27,NA
"Amaranthus spinosus",NA,NA,NA,NA,NA,NA,NA,NA,NA
"Amaranthus viridis",NA,NA,NA,NA,NA,NA,NA,NA,NA
"Ammannia",NA,NA,NA,NA,NA,NA,NA,NA,NA
"Ammannia auriculata",NA,NA,NA,NA,NA,NA,NA,NA,NA
"Ammannia baccifera",NA,NA,NA,NA,NA,NA,NA,NA,NA
"Ammannia gracilis",NA,NA,NA,NA,NA,NA,NA,NA,NA
"Ammannia prieureana",NA,NA,NA,NA,NA,NA,NA,NA,NA
"Amorphophallus",NA,NA,NA,NA,NA,NA,NA,NA,NA
"Amorphophallus johnsonii",NA,NA,NA,NA,NA,NA,NA,NA,NA
"Amorphophallus paeoniifolius",NA,NA,NA,NA,NA,NA,NA,NA,NA
"Ampelocissus leonensis",NA,NA,NA,NA,NA,NA,NA,NA,NA
"Ampelocissus multistriata",NA,NA,NA,NA,NA,NA,NA,NA,NA
"Anadelphia afzeliana",NA,NA,NA,NA,NA,NA,NA,NA,NA
"Ananas comosus",NA,NA,NA,NA,NA,NA,NA,NA,NA
"Anchomanes difformis",NA,NA,NA,NA,NA,NA,NA,NA,NA
"Ancylobothrys petersiana",NA,NA,NA,NA,NA,NA,NA,NA,NA
"Andropogon gayanus",NA,NA,NA,NA,NA,NA,NA,NA,NA
"Andropogon gayanus bisquamulatus",NA,NA,NA,NA,NA,NA,NA,NA,NA
"Andropogon leucostachyus",NA,NA,NA,NA,NA,NA,NA,NA,NA
"Andropogon tectorum",NA,NA,NA,NA,NA,NA,NA,NA,NA
"Aneilema",NA,NA,NA,NA,NA,NA,NA,NA,NA
"Aneilema beniniense",NA,NA,NA,NA,NA,NA,NA,NA,NA
"Aneilema lanceolatum",NA,NA,NA,NA,NA,NA,NA,NA,NA
"Aneilema paludosum",NA,NA,NA,NA,NA,NA,NA,NA,NA
"Aneilema umbrosum",NA,NA,NA,NA,NA,NA,NA,NA,NA
"Angylocalyx oligophyllus",NA,NA,NA,NA,NA,NA,NA,NA,NA
"Aniseia martinicensis",NA,NA,NA,NA,NA,NA,NA,NA,NA
"Annona",NA,NA,NA,NA,NA,NA,NA,NA,NA
"Annona senegalensis",NA,NA,NA,NA,NA,NA,NA,NA,NA
"Anopyxis klaineana",NA,NA,NA,NA,NA,NA,NA,NA,NA
"Anredera cordifolia",NA,NA,NA,NA,NA,NA,NA,NA,NA
"Anthephora cristata",NA,NA,NA,NA,NA,NA,NA,NA,NA
"Anthocleista djalonensis",NA,NA,NA,NA,NA,NA,NA,NA,NA
"Anthocleista nobilis",NA,NA,NA,NA,NA,NA,NA,NA,NA
"Anthocleista procera",NA,NA,NA,NA,NA,NA,NA,NA,NA
"Anthocleista vogelii",NA,NA,NA,NA,NA,NA,NA,NA,NA
"Anthoxanthum odoratum","Anthoxanthum odoratum l.","Covered partly",0.74,0.6554,"Fruit","Non-fleshy fruit",0.66,0.85,0.64
"Antiaris toxicaria",NA,NA,NA,NA,NA,NA,NA,NA,NA
"Antigonon leptopus",NA,NA,NA,NA,NA,NA,NA,NA,NA
"Antrocaryon micraster",NA,NA,NA,NA,NA,NA,NA,NA,NA
"Aponogeton vallisnerioides",NA,NA,NA,NA,NA,NA,NA,NA,NA
"Arachis",NA,NA,NA,NA,NA,NA,NA,NA,NA
"Arachis hypogaea",NA,NA,NA,NA,NA,NA,NA,NA,NA
"Arachis pintoi",NA,NA,NA,NA,NA,NA,NA,NA,NA
"Aralia",NA,NA,NA,NA,NA,NA,NA,NA,NA
"Argemone mexicana",NA,NA,NA,NA,NA,NA,NA,NA,NA
"Argomuellera macrophylla",NA,NA,NA,NA,NA,NA,NA,NA,NA
"Arillastrum gummiferum",NA,NA,NA,NA,NA,NA,NA,NA,NA
"Aristida",NA,NA,NA,NA,NA,NA,NA,NA,NA
"Aristida adscensionis",NA,NA,NA,NA,NA,NA,NA,NA,NA
"Aristida barbicollis",NA,NA,NA,NA,NA,NA,NA,NA,NA
"Aristida hordeacea",NA,NA,NA,NA,NA,NA,NA,NA,NA
"Aristida kerstingii",NA,NA,NA,NA,NA,NA,NA,NA,NA
"Aristolochia",NA,NA,NA,NA,NA,NA,NA,NA,NA
"Aristolochia acuminata",NA,NA,NA,NA,NA,NA,NA,NA,NA
"Aristolochia littoralis",NA,NA,NA,NA,NA,NA,NA,NA,NA
"Arivela viscosa",NA,NA,NA,NA,NA,NA,NA,NA,NA
"Artemisia verlotiorum","Artemisia verlotiorum lamotte","Covered partly",0.4,0.114667,"Fruit","Non-fleshy fruit",0.64,0.65,NA
"Artemisia vulgaris","Artemisia vulgaris l.","Covered partly",NA,0.1712,"Fruit","Non-fleshy fruit",0.66,0.62,NA
"Asclepias mellodora",NA,NA,NA,NA,NA,NA,NA,NA,NA
"Asparagus",NA,NA,NA,NA,NA,NA,NA,NA,NA
"Asparagus africanus",NA,NA,NA,NA,NA,NA,NA,NA,NA
"Aspilia africana",NA,NA,NA,NA,NA,NA,NA,NA,NA
"Aspilia bussei",NA,NA,NA,NA,NA,NA,NA,NA,NA
"Aspilia helianthoides",NA,NA,NA,NA,NA,NA,NA,NA,NA
"Aspilia helianthoides prieureana",NA,NA,NA,NA,NA,NA,NA,NA,NA
"Aspilia kotschyi",NA,NA,NA,NA,NA,NA,NA,NA,NA
"Asplenium aethiopicum",NA,NA,NA,NA,NA,NA,NA,NA,NA
"Asplenium africanum",NA,NA,NA,NA,NA,NA,NA,NA,NA
"Astraea lobata",NA,NA,NA,NA,NA,NA,NA,NA,NA
"Asystasia buettneri",NA,NA,NA,NA,NA,NA,NA,NA,NA
"Asystasia gangetica",NA,NA,NA,NA,NA,NA,NA,NA,NA
"Asystasia vogeliana",NA,NA,NA,NA,NA,NA,NA,NA,NA
"Axonopus compressus",NA,NA,NA,NA,NA,NA,NA,NA,NA
"Axonopus purpusii",NA,NA,NA,NA,NA,NA,NA,NA,NA
"Azadirachta indica",NA,NA,NA,NA,NA,NA,NA,NA,NA
"Azolla",NA,NA,NA,NA,NA,NA,NA,NA,NA
"Azolla pinnata",NA,NA,NA,NA,NA,NA,NA,NA,NA
"Baccharoides guineensis",NA,NA,NA,NA,NA,NA,NA,NA,NA
"Bacopa",NA,NA,NA,NA,NA,NA,NA,NA,NA
"Bacopa crenata",NA,NA,NA,NA,NA,NA,NA,NA,NA
"Bacopa decumbens",NA,NA,NA,NA,NA,NA,NA,NA,NA
"Baissea multiflora",NA,NA,NA,NA,NA,NA,NA,NA,NA
"Baissea zygodioides",NA,NA,NA,NA,NA,NA,NA,NA,NA
"Balanites aegyptiaca",NA,NA,NA,NA,NA,NA,NA,NA,NA
"Balanites wilsoniana",NA,NA,NA,NA,NA,NA,NA,NA,NA
"Baphia nitida",NA,NA,NA,NA,NA,NA,NA,NA,NA
"Baphia pubescens",NA,NA,NA,NA,NA,NA,NA,NA,NA
"Barbarea verna","Barbarea verna (mill.) asch.","Covered partly",0.4,0.8292,"Seed","Fruit with lateral aperture",0.26,0.48,NA
"Basella alba",NA,NA,NA,NA,NA,NA,NA,NA,NA
"Basilicum polystachyon",NA,NA,NA,NA,NA,NA,NA,NA,NA
"Bergia suffruticosa",NA,NA,NA,NA,NA,NA,NA,NA,NA
"Bidens cynapiifolia",NA,NA,NA,NA,NA,NA,NA,NA,NA
"Bidens pilosa",NA,NA,NA,NA,NA,NA,NA,NA,NA
"Biophytum umbraculum",NA,NA,NA,NA,NA,NA,NA,NA,NA
"Blainvillea acmella",NA,NA,NA,NA,NA,NA,NA,NA,NA
"Blighia sapida",NA,NA,NA,NA,NA,NA,NA,NA,NA
"Blighia unijugata",NA,NA,NA,NA,NA,NA,NA,NA,NA
"Blighia welwitschii",NA,NA,NA,NA,NA,NA,NA,NA,NA
"Blumea",NA,NA,NA,NA,NA,NA,NA,NA,NA
"Boehmeria penduliflora",NA,NA,NA,NA,NA,NA,NA,NA,NA
"Boerhavia coccinea",NA,NA,NA,NA,NA,NA,NA,NA,NA
"Boerhavia diffusa",NA,NA,NA,NA,NA,NA,NA,NA,NA
"Boerhavia erecta",NA,NA,NA,NA,NA,NA,NA,NA,NA
"Boerhavia repens",NA,NA,NA,NA,NA,NA,NA,NA,NA
"Bolboschoenus maritimus","Bolboschoenus maritimus (l.) palla","Covered partly",NA,NA,"Fruit","Non-fleshy fruit",0.16,NA,0.89
"Bombax buonopozense",NA,NA,NA,NA,NA,NA,NA,NA,NA
"Bonnaya antipoda",NA,NA,NA,NA,NA,NA,NA,NA,NA
"Borassus flabellifer",NA,NA,NA,NA,NA,NA,NA,NA,NA
"Boswellia dalzielii",NA,NA,NA,NA,NA,NA,NA,NA,NA
"Bothriospermum zeylanicum",NA,NA,NA,NA,NA,NA,NA,NA,NA
"Bouffordia dichotoma",NA,NA,NA,NA,NA,NA,NA,NA,NA
"Brachiaria nana",NA,NA,NA,NA,NA,NA,NA,NA,NA
"Brachiaria umbellata",NA,NA,NA,NA,NA,NA,NA,NA,NA
"Brassica juncea",NA,NA,NA,NA,NA,NA,NA,NA,NA
"Brassica rapa",NA,NA,NA,NA,NA,NA,NA,NA,NA
"Breynia fruticosa",NA,NA,NA,NA,NA,NA,NA,NA,NA
"Breynia retusa",NA,NA,NA,NA,NA,NA,NA,NA,NA
"Bridelia ferruginea",NA,NA,NA,NA,NA,NA,NA,NA,NA
"Briza minor",NA,NA,NA,NA,NA,NA,NA,NA,NA
"Bromus catharticus","Bromus catharticus m. vahl","Covered partly",1.69,NA,"Fruit","Non-fleshy fruit",0.2,0.54,0.29
"Bulbostylis",NA,NA,NA,NA,NA,NA,NA,NA,NA
"Bulbostylis abortiva",NA,NA,NA,NA,NA,NA,NA,NA,NA
"Bulbostylis barbata",NA,NA,NA,NA,NA,NA,NA,NA,NA
"Bulbostylis cioniana",NA,NA,NA,NA,NA,NA,NA,NA,NA
"Bulbostylis hispidula",NA,NA,NA,NA,NA,NA,NA,NA,NA
"Bulbostylis hispidula hispidula",NA,NA,NA,NA,NA,NA,NA,NA,NA
"Bulbostylis hispidula senegalensis",NA,NA,NA,NA,NA,NA,NA,NA,NA
"Bulbostylis pilosa",NA,NA,NA,NA,NA,NA,NA,NA,NA
"Burnatia enneandra",NA,NA,NA,NA,NA,NA,NA,NA,NA
"Cajanus cajan",NA,NA,NA,NA,NA,NA,NA,NA,NA
"Cajanus scarabaeoides",NA,NA,NA,NA,NA,NA,NA,NA,NA
"Caladium bicolor",NA,NA,NA,NA,NA,NA,NA,NA,NA
"Calliandra",NA,NA,NA,NA,NA,NA,NA,NA,NA
"Calopogonium",NA,NA,NA,NA,NA,NA,NA,NA,NA
"Calopogonium mucunoides",NA,NA,NA,NA,NA,NA,NA,NA,NA
"Calotropis procera",NA,NA,NA,NA,NA,NA,NA,NA,NA
"Calycobolus africanus",NA,NA,NA,NA,NA,NA,NA,NA,NA
"Calycobolus heudelotii",NA,NA,NA,NA,NA,NA,NA,NA,NA
"Camonea umbellata",NA,NA,NA,NA,NA,NA,NA,NA,NA
"Campylostemon warneckeanus",NA,NA,NA,NA,NA,NA,NA,NA,NA
"Canna indica",NA,NA,NA,NA,NA,NA,NA,NA,NA
"Canthium",NA,NA,NA,NA,NA,NA,NA,NA,NA
"Cantinoa americana",NA,NA,NA,NA,NA,NA,NA,NA,NA
"Caperonia fistulosa",NA,NA,NA,NA,NA,NA,NA,NA,NA
"Caperonia palustris",NA,NA,NA,NA,NA,NA,NA,NA,NA
"Capsicum annuum",NA,NA,NA,NA,NA,NA,NA,NA,NA
"Capsicum frutescens",NA,NA,NA,NA,NA,NA,NA,NA,NA
"Cardamine hirsuta","Cardamine hirsuta l.","Enclosed",NA,0.18,"Seed","Explosive release mechanism",0.66,0.38,NA
"Cardiospermum grandiflorum",NA,NA,NA,NA,NA,NA,NA,NA,NA
"Cardiospermum halicacabum",NA,NA,NA,NA,NA,NA,NA,NA,NA
"Cardiospermum microcarpum",NA,NA,NA,NA,NA,NA,NA,NA,NA
"Carex boryana",NA,NA,NA,NA,NA,NA,NA,NA,NA
"Carex wahlenbergiana",NA,NA,NA,NA,NA,NA,NA,NA,NA
"Carica papaya",NA,NA,NA,NA,NA,NA,NA,NA,NA
"Caroxylon imbricatum",NA,NA,NA,NA,NA,NA,NA,NA,NA
"Carpolobia lutea",NA,NA,NA,NA,NA,NA,NA,NA,NA
"Cassia sieberiana",NA,NA,NA,NA,NA,NA,NA,NA,NA
"Catharanthus",NA,NA,NA,NA,NA,NA,NA,NA,NA
"Catharanthus roseus",NA,NA,NA,NA,NA,NA,NA,NA,NA
"Cecropia obtusa",NA,NA,NA,NA,NA,NA,NA,NA,NA
"Cecropia peltata",NA,NA,NA,NA,NA,NA,NA,NA,NA
"Ceiba pentandra",NA,NA,NA,NA,NA,NA,NA,NA,NA
"Celosia",NA,NA,NA,NA,NA,NA,NA,NA,NA
"Celosia argentea",NA,NA,NA,NA,NA,NA,NA,NA,NA
"Celosia isertii",NA,NA,NA,NA,NA,NA,NA,NA,NA
"Celosia trigyna",NA,NA,NA,NA,NA,NA,NA,NA,NA
"Celtis mildbraedii",NA,NA,NA,NA,NA,NA,NA,NA,NA
"Celtis zenkeri",NA,NA,NA,NA,NA,NA,NA,NA,NA
"Cenchrus biflorus",NA,NA,NA,NA,NA,NA,NA,NA,NA
"Cenchrus cafer",NA,NA,NA,NA,NA,NA,NA,NA,NA
"Cenchrus ciliaris",NA,NA,NA,NA,NA,NA,NA,NA,NA
"Cenchrus clandestinus",NA,NA,NA,NA,NA,NA,NA,NA,NA
"Cenchrus echinatus",NA,NA,NA,NA,NA,NA,NA,NA,NA
"Cenchrus pedicellatus",NA,NA,NA,NA,NA,NA,NA,NA,NA
"Cenchrus purpureus",NA,NA,NA,NA,NA,NA,NA,NA,NA
"Cenchrus ramosus",NA,NA,NA,NA,NA,NA,NA,NA,NA
"Cenchrus setosus setosus",NA,NA,NA,NA,NA,NA,NA,NA,NA
"Cenchrus violaceus",NA,NA,NA,NA,NA,NA,NA,NA,NA
"Centella asiatica",NA,NA,NA,NA,NA,NA,NA,NA,NA
"Centotheca lappacea",NA,NA,NA,NA,NA,NA,NA,NA,NA
"Centrosema",NA,NA,NA,NA,NA,NA,NA,NA,NA
"Centrosema brasilianum",NA,NA,NA,NA,NA,NA,NA,NA,NA
"Centrosema plumieri",NA,NA,NA,NA,NA,NA,NA,NA,NA
"Centrosema pubescens",NA,NA,NA,NA,NA,NA,NA,NA,NA
"Centrosema virginianum",NA,NA,NA,NA,NA,NA,NA,NA,NA
"Cephalanthus tetrandrus",NA,NA,NA,NA,NA,NA,NA,NA,NA
"Cerastium glomeratum","Cerastium glomeratum thuill.","Enclosed",NA,NA,"Seed","Fruit with upright aperture",0.74,0.47,0.17
"Ceratophyllum demersum","Ceratophyllum demersum l.","Exposed",NA,NA,"Fruit","Non-fleshy fruit",NA,NA,NA
"Ceratopteris cornuta",NA,NA,NA,NA,NA,NA,NA,NA,NA
"Ceratopteris thalictroides",NA,NA,NA,NA,NA,NA,NA,NA,NA
"Ceropegia fusiformis",NA,NA,NA,NA,NA,NA,NA,NA,NA
"Chamaecrista absus",NA,NA,NA,NA,NA,NA,NA,NA,NA
"Chamaecrista diphylla",NA,NA,NA,NA,NA,NA,NA,NA,NA
"Chamaecrista kirkii",NA,NA,NA,NA,NA,NA,NA,NA,NA
"Chamaecrista mimosoides",NA,NA,NA,NA,NA,NA,NA,NA,NA
"Chamaecrista nigricans",NA,NA,NA,NA,NA,NA,NA,NA,NA
"Chamaecrista rotundifolia",NA,NA,NA,NA,NA,NA,NA,NA,NA
"Chasmanthera dependens",NA,NA,NA,NA,NA,NA,NA,NA,NA
"Chassalia kolly",NA,NA,NA,NA,NA,NA,NA,NA,NA
"Chenopodium album","Chenopodium album agg.","Exposed",1,0.6214,"Fruit","Non-fleshy fruit",0.29,0.83,NA
"Chloris",NA,NA,NA,NA,NA,NA,NA,NA,NA
"Chloris barbata",NA,NA,NA,NA,NA,NA,NA,NA,NA
"Chloris gayana",NA,NA,NA,NA,NA,NA,NA,NA,NA
"Chloris pilosa",NA,NA,NA,NA,NA,NA,NA,NA,NA
"Chloris pycnothrix",NA,NA,NA,NA,NA,NA,NA,NA,NA
"Chloris virgata",NA,NA,NA,NA,NA,NA,NA,NA,NA
"Chlorophytum lancifolium",NA,NA,NA,NA,NA,NA,NA,NA,NA
"Christella dentata",NA,NA,NA,NA,NA,NA,NA,NA,NA
"Chromolaena odorata",NA,NA,NA,NA,NA,NA,NA,NA,NA
"Chrozophora brocchiana",NA,NA,NA,NA,NA,NA,NA,NA,NA
"Chrysanthellum americanum",NA,NA,NA,NA,NA,NA,NA,NA,NA
"Chrysopogon aciculatus",NA,NA,NA,NA,NA,NA,NA,NA,NA
"Chrysopogon zizanioides",NA,NA,NA,NA,NA,NA,NA,NA,NA
"Cinnamomum verum",NA,NA,NA,NA,NA,NA,NA,NA,NA
"Cissampelos owariensis",NA,NA,NA,NA,NA,NA,NA,NA,NA
"Cissampelos pareira",NA,NA,NA,NA,NA,NA,NA,NA,NA
"Cissus",NA,NA,NA,NA,NA,NA,NA,NA,NA
"Cissus arguta",NA,NA,NA,NA,NA,NA,NA,NA,NA
"Cissus erosa",NA,NA,NA,NA,NA,NA,NA,NA,NA
"Cissus microdonta",NA,NA,NA,NA,NA,NA,NA,NA,NA
"Cissus petiolata",NA,NA,NA,NA,NA,NA,NA,NA,NA
"Cissus populnea",NA,NA,NA,NA,NA,NA,NA,NA,NA
"Cissus quadrangularis",NA,NA,NA,NA,NA,NA,NA,NA,NA
"Cissus verticillata",NA,NA,NA,NA,NA,NA,NA,NA,NA
"Citharexylum spinosum",NA,NA,NA,NA,NA,NA,NA,NA,NA
"Citrullus colocynthis",NA,NA,NA,NA,NA,NA,NA,NA,NA
"Citrullus lanatus",NA,NA,NA,NA,NA,NA,NA,NA,NA
"Clausena anisata",NA,NA,NA,NA,NA,NA,NA,NA,NA
"Clematis mauritiana",NA,NA,NA,NA,NA,NA,NA,NA,NA
"Cleome",NA,NA,NA,NA,NA,NA,NA,NA,NA
"Clerodendrum",NA,NA,NA,NA,NA,NA,NA,NA,NA
"Clerodendrum capitatum",NA,NA,NA,NA,NA,NA,NA,NA,NA
"Clerodendrum formicarum",NA,NA,NA,NA,NA,NA,NA,NA,NA
"Clerodendrum polycephalum",NA,NA,NA,NA,NA,NA,NA,NA,NA
"Clerodendrum silvanum silvanum",NA,NA,NA,NA,NA,NA,NA,NA,NA
"Clerodendrum speciosissimum",NA,NA,NA,NA,NA,NA,NA,NA,NA
"Clerodendrum splendens",NA,NA,NA,NA,NA,NA,NA,NA,NA
"Clerodendrum splendidum",NA,NA,NA,NA,NA,NA,NA,NA,NA
"Clerodendrum umbellatum",NA,NA,NA,NA,NA,NA,NA,NA,NA
"Clerodendrum volubile",NA,NA,NA,NA,NA,NA,NA,NA,NA
"Clibadium surinamense",NA,NA,NA,NA,NA,NA,NA,NA,NA
"Clitoria ternatea",NA,NA,NA,NA,NA,NA,NA,NA,NA
"Cnestis ferruginea",NA,NA,NA,NA,NA,NA,NA,NA,NA
"Coccinia barteri",NA,NA,NA,NA,NA,NA,NA,NA,NA
"Coccinia grandis",NA,NA,NA,NA,NA,NA,NA,NA,NA
"Cochlospermum planchonii",NA,NA,NA,NA,NA,NA,NA,NA,NA
"Cochlospermum tinctorium",NA,NA,NA,NA,NA,NA,NA,NA,NA
"Cocos nucifera",NA,NA,NA,NA,NA,NA,NA,NA,NA
"Codiaeum variegatum",NA,NA,NA,NA,NA,NA,NA,NA,NA
"Coix lacryma-jobi",NA,NA,NA,NA,NA,NA,NA,NA,NA
"Cola caricifolia",NA,NA,NA,NA,NA,NA,NA,NA,NA
"Cola millenii",NA,NA,NA,NA,NA,NA,NA,NA,NA
"Cola nitida",NA,NA,NA,NA,NA,NA,NA,NA,NA
"Coldenia procumbens",NA,NA,NA,NA,NA,NA,NA,NA,NA
"Coleus amboinicus",NA,NA,NA,NA,NA,NA,NA,NA,NA
"Coleus graniticola",NA,NA,NA,NA,NA,NA,NA,NA,NA
"Coleus monostachyus",NA,NA,NA,NA,NA,NA,NA,NA,NA
"Colocasia esculenta",NA,NA,NA,NA,NA,NA,NA,NA,NA
"Combretum comosum hispidum",NA,NA,NA,NA,NA,NA,NA,NA,NA
"Combretum glutinosum",NA,NA,NA,NA,NA,NA,NA,NA,NA
"Combretum molle",NA,NA,NA,NA,NA,NA,NA,NA,NA
"Combretum mucronatum",NA,NA,NA,NA,NA,NA,NA,NA,NA
"Combretum paniculatum",NA,NA,NA,NA,NA,NA,NA,NA,NA
"Combretum platypterum",NA,NA,NA,NA,NA,NA,NA,NA,NA
"Combretum racemosum",NA,NA,NA,NA,NA,NA,NA,NA,NA
"Combretum zenkeri",NA,NA,NA,NA,NA,NA,NA,NA,NA
"Commelina",NA,NA,NA,NA,NA,NA,NA,NA,NA
"Commelina acutispatha",NA,NA,NA,NA,NA,NA,NA,NA,NA
"Commelina africana",NA,NA,NA,NA,NA,NA,NA,NA,NA
"Commelina benghalensis",NA,NA,NA,NA,NA,NA,NA,NA,NA
"Commelina bracteosa lagosensis",NA,NA,NA,NA,NA,NA,NA,NA,NA
"Commelina congesta",NA,NA,NA,NA,NA,NA,NA,NA,NA
"Commelina diffusa",NA,NA,NA,NA,NA,NA,NA,NA,NA
"Commelina erecta",NA,NA,NA,NA,NA,NA,NA,NA,NA
"Commelina forskaolii",NA,NA,NA,NA,NA,NA,NA,NA,NA
"Commelina gambiae",NA,NA,NA,NA,NA,NA,NA,NA,NA
"Commelina macrospatha",NA,NA,NA,NA,NA,NA,NA,NA,NA
"Commelina nigritana nigritana",NA,NA,NA,NA,NA,NA,NA,NA,NA
"Commelina schweinfurthii",NA,NA,NA,NA,NA,NA,NA,NA,NA
"Commelina subulata",NA,NA,NA,NA,NA,NA,NA,NA,NA
"Commiphora africana",NA,NA,NA,NA,NA,NA,NA,NA,NA
"Commiphora pedunculata",NA,NA,NA,NA,NA,NA,NA,NA,NA
"Connarus africanus",NA,NA,NA,NA,NA,NA,NA,NA,NA
"Convolvulus prostratus",NA,NA,NA,NA,NA,NA,NA,NA,NA
"Conyza",NA,NA,NA,NA,NA,NA,NA,NA,NA
"Corchorus",NA,NA,NA,NA,NA,NA,NA,NA,NA
"Corchorus aestuans",NA,NA,NA,NA,NA,NA,NA,NA,NA
"Corchorus fascicularis",NA,NA,NA,NA,NA,NA,NA,NA,NA
"Corchorus olitorius",NA,NA,NA,NA,NA,NA,NA,NA,NA
"Corchorus tridens",NA,NA,NA,NA,NA,NA,NA,NA,NA
"Corchorus trilocularis",NA,NA,NA,NA,NA,NA,NA,NA,NA
"Coriandrum sativum",NA,NA,NA,NA,NA,NA,NA,NA,NA
"Cosmos sulphureus",NA,NA,NA,NA,NA,NA,NA,NA,NA
"Costus afer",NA,NA,NA,NA,NA,NA,NA,NA,NA
"Costus spectabilis",NA,NA,NA,NA,NA,NA,NA,NA,NA
"Crassocephalum",NA,NA,NA,NA,NA,NA,NA,NA,NA
"Crassocephalum crepidioides",NA,NA,NA,NA,NA,NA,NA,NA,NA
"Crassocephalum rubens",NA,NA,NA,NA,NA,NA,NA,NA,NA
"Craterostigma nummulariifolium",NA,NA,NA,NA,NA,NA,NA,NA,NA
"Cressa cretica",NA,NA,NA,NA,NA,NA,NA,NA,NA
"Crinum",NA,NA,NA,NA,NA,NA,NA,NA,NA
"Crinum jagus",NA,NA,NA,NA,NA,NA,NA,NA,NA
"Crinum ornatum",NA,NA,NA,NA,NA,NA,NA,NA,NA
"Crocosmia crocosmiiflora",NA,NA,NA,NA,NA,NA,NA,NA,NA
"Crotalaria",NA,NA,NA,NA,NA,NA,NA,NA,NA
"Crotalaria goreensis",NA,NA,NA,NA,NA,NA,NA,NA,NA
"Crotalaria grahamiana",NA,NA,NA,NA,NA,NA,NA,NA,NA
"Crotalaria juncea",NA,NA,NA,NA,NA,NA,NA,NA,NA
"Crotalaria pallida",NA,NA,NA,NA,NA,NA,NA,NA,NA
"Crotalaria retusa",NA,NA,NA,NA,NA,NA,NA,NA,NA
"Crotalaria senegalensis",NA,NA,NA,NA,NA,NA,NA,NA,NA
"Crotalaria spectabilis",NA,NA,NA,NA,NA,NA,NA,NA,NA
"Crotalaria uncinella",NA,NA,NA,NA,NA,NA,NA,NA,NA
"Croton bonplandianus",NA,NA,NA,NA,NA,NA,NA,NA,NA
"Croton hirtus",NA,NA,NA,NA,NA,NA,NA,NA,NA
"Cryptolepis eburnea",NA,NA,NA,NA,NA,NA,NA,NA,NA
"Cryptolepis nigrescens",NA,NA,NA,NA,NA,NA,NA,NA,NA
"Cryptolepis sanguinolenta",NA,NA,NA,NA,NA,NA,NA,NA,NA
"Cryptostegia grandiflora",NA,NA,NA,NA,NA,NA,NA,NA,NA
"Crystallopollen angustifolium",NA,NA,NA,NA,NA,NA,NA,NA,NA
"Crystallopollen serratuloides",NA,NA,NA,NA,NA,NA,NA,NA,NA
"Ctenium newtonii",NA,NA,NA,NA,NA,NA,NA,NA,NA
"Cucumis maderaspatanus",NA,NA,NA,NA,NA,NA,NA,NA,NA
"Cucumis melo",NA,NA,NA,NA,NA,NA,NA,NA,NA
"Cucumis sativus",NA,NA,NA,NA,NA,NA,NA,NA,NA
"Cucurbita",NA,NA,NA,NA,NA,NA,NA,NA,NA
"Cucurbita moschata",NA,NA,NA,NA,NA,NA,NA,NA,NA
"Culcasia angolensis",NA,NA,NA,NA,NA,NA,NA,NA,NA
"Culcasia parviflora",NA,NA,NA,NA,NA,NA,NA,NA,NA
"Culcasia scandens",NA,NA,NA,NA,NA,NA,NA,NA,NA
"Cuphea carthagenensis",NA,NA,NA,NA,NA,NA,NA,NA,NA
"Cuphea hyssopifolia",NA,NA,NA,NA,NA,NA,NA,NA,NA
"Curculigo pilosa",NA,NA,NA,NA,NA,NA,NA,NA,NA
"Curcuma longa",NA,NA,NA,NA,NA,NA,NA,NA,NA
"Cuscuta campestris","Cuscuta campestris yunck.","Exposed",0.8,0.5692,"Fruit","Non-fleshy fruit",0.31,0.58,NA
"Cyanotis lanata",NA,NA,NA,NA,NA,NA,NA,NA,NA
"Cyanthillium cinereum",NA,NA,NA,NA,NA,NA,NA,NA,NA
"Cyathula prostrata",NA,NA,NA,NA,NA,NA,NA,NA,NA
"Cyclosorus striatus",NA,NA,NA,NA,NA,NA,NA,NA,NA
"Cyclospermum leptophyllum",NA,NA,NA,NA,NA,NA,NA,NA,NA
"Cymbopogon citratus",NA,NA,NA,NA,NA,NA,NA,NA,NA
"Cymbopogon giganteus",NA,NA,NA,NA,NA,NA,NA,NA,NA
"Cynodon dactylon","Cynodon dactylon (l.) pers.","Covered partly",NA,NA,"Fruit","Non-fleshy fruit",0.61,0.55,0.77
"Cynodon nlemfuensis",NA,NA,NA,NA,NA,NA,NA,NA,NA
"Cyperus","Cyperus flavescens l.","Covered partly",NA,NA,"Fruit","Non-fleshy fruit",0.6,NA,0.82
"Cyperus acuticarinatus",NA,NA,NA,NA,NA,NA,NA,NA,NA
"Cyperus aggregatus",NA,NA,NA,NA,NA,NA,NA,NA,NA
"Cyperus albescens",NA,NA,NA,NA,NA,NA,NA,NA,NA
"Cyperus alopecuroides",NA,NA,NA,NA,NA,NA,NA,NA,NA
"Cyperus alternifolius",NA,NA,NA,NA,NA,NA,NA,NA,NA
"Cyperus amabilis",NA,NA,NA,NA,NA,NA,NA,NA,NA
"Cyperus aromaticus",NA,NA,NA,NA,NA,NA,NA,NA,NA
"Cyperus articulatus",NA,NA,NA,NA,NA,NA,NA,NA,NA
"Cyperus buchholzii",NA,NA,NA,NA,NA,NA,NA,NA,NA
"Cyperus compressus",NA,NA,NA,NA,NA,NA,NA,NA,NA
"Cyperus cuspidatus",NA,NA,NA,NA,NA,NA,NA,NA,NA
"Cyperus cyperinus",NA,NA,NA,NA,NA,NA,NA,NA,NA
"Cyperus cyperoides",NA,NA,NA,NA,NA,NA,NA,NA,NA
"Cyperus denudatus",NA,NA,NA,NA,NA,NA,NA,NA,NA
"Cyperus difformis",NA,NA,NA,NA,NA,NA,NA,NA,NA
"Cyperus digitatus",NA,NA,NA,NA,NA,NA,NA,NA,NA
"Cyperus dilatatus",NA,NA,NA,NA,NA,NA,NA,NA,NA
"Cyperus distans",NA,NA,NA,NA,NA,NA,NA,NA,NA
"Cyperus echinatus",NA,NA,NA,NA,NA,NA,NA,NA,NA
"Cyperus eragrostis",NA,NA,NA,NA,NA,NA,NA,NA,NA
"Cyperus erectus",NA,NA,NA,NA,NA,NA,NA,NA,NA
"Cyperus esculentus",NA,NA,NA,NA,NA,NA,NA,NA,NA
"Cyperus exaltatus",NA,NA,NA,NA,NA,NA,NA,NA,NA
"Cyperus flavescens","Cyperus flavescens l.","Covered partly",NA,NA,"Fruit","Non-fleshy fruit",0.6,NA,0.82
"Cyperus haspan",NA,NA,NA,NA,NA,NA,NA,NA,NA
"Cyperus hortensis",NA,NA,NA,NA,NA,NA,NA,NA,NA
"Cyperus iria",NA,NA,NA,NA,NA,NA,NA,NA,NA
"Cyperus lanceolatus",NA,NA,NA,NA,NA,NA,NA,NA,NA
"Cyperus laxus",NA,NA,NA,NA,NA,NA,NA,NA,NA
"Cyperus ligularis",NA,NA,NA,NA,NA,NA,NA,NA,NA
"Cyperus luzulae",NA,NA,NA,NA,NA,NA,NA,NA,NA
"Cyperus macrostachyos",NA,NA,NA,NA,NA,NA,NA,NA,NA
"Cyperus metzii",NA,NA,NA,NA,NA,NA,NA,NA,NA
"Cyperus mindorensis",NA,NA,NA,NA,NA,NA,NA,NA,NA
"Cyperus niveus",NA,NA,NA,NA,NA,NA,NA,NA,NA
"Cyperus obtusatus",NA,NA,NA,NA,NA,NA,NA,NA,NA
"Cyperus odoratus",NA,NA,NA,NA,NA,NA,NA,NA,NA
"Cyperus papyrus",NA,NA,NA,NA,NA,NA,NA,NA,NA
"Cyperus podocarpus",NA,NA,NA,NA,NA,NA,NA,NA,NA
"Cyperus polystachyos",NA,NA,NA,NA,NA,NA,NA,NA,NA
"Cyperus pustulatus",NA,NA,NA,NA,NA,NA,NA,NA,NA
"Cyperus richardii",NA,NA,NA,NA,NA,NA,NA,NA,NA
"Cyperus rotundus",NA,NA,NA,NA,NA,NA,NA,NA,NA
"Cyperus sphacelatus",NA,NA,NA,NA,NA,NA,NA,NA,NA
"Cyperus squarrosus",NA,NA,NA,NA,NA,NA,NA,NA,NA
"Cyperus surinamensis",NA,NA,NA,NA,NA,NA,NA,NA,NA
"Cyperus tenuiculmis",NA,NA,NA,NA,NA,NA,NA,NA,NA
"Cyperus tenuifolius",NA,NA,NA,NA,NA,NA,NA,NA,NA
"Cyperus tenuis",NA,NA,NA,NA,NA,NA,NA,NA,NA
"Cyphostemma adenocaule",NA,NA,NA,NA,NA,NA,NA,NA,NA
"Cyphostemma adenopodum",NA,NA,NA,NA,NA,NA,NA,NA,NA
"Cyphostemma cymosum",NA,NA,NA,NA,NA,NA,NA,NA,NA
"Cyrtococcum chaetophoron",NA,NA,NA,NA,NA,NA,NA,NA,NA
"Dactylis glomerata","Dactylis glomerata l.","Covered partly",0.9,0.9,"Fruit","Non-fleshy fruit",0.64,0.73,0.15
"Dactyloctenium aegyptium",NA,NA,NA,NA,NA,NA,NA,NA,NA
"Dalbergia heudelotii",NA,NA,NA,NA,NA,NA,NA,NA,NA
"Dalbergia hostilis",NA,NA,NA,NA,NA,NA,NA,NA,NA
"Dalbergia oblongifolia",NA,NA,NA,NA,NA,NA,NA,NA,NA
"Dalbergia saxatilis",NA,NA,NA,NA,NA,NA,NA,NA,NA
"Dalbergiella welwitschii",NA,NA,NA,NA,NA,NA,NA,NA,NA
"Dalechampia",NA,NA,NA,NA,NA,NA,NA,NA,NA
"Dalechampia ipomoeifolia",NA,NA,NA,NA,NA,NA,NA,NA,NA
"Dalechampia scandens",NA,NA,NA,NA,NA,NA,NA,NA,NA
"Daniellia oliveri",NA,NA,NA,NA,NA,NA,NA,NA,NA
"Danthonia decumbens","Danthonia decumbens (l.) dc.","Covered partly",1.3,NA,"Fruit","Non-fleshy fruit",0.49,0.76,NA
"Datura","Datura stramonium l.","Enclosed",NA,8.89,"Seed","Fruit with upright aperture",0.07,0.09,NA
"Datura innoxia",NA,NA,NA,NA,NA,NA,NA,NA,NA
"Datura stramonium","Datura stramonium l.","Enclosed",NA,8.89,"Seed","Fruit with upright aperture",0.07,0.09,NA
"Daucus carota","Daucus carota l.","Exposed",0.71,1.1894,"Fruit segment","Non-fleshy fruit",0.66,0.95,0.26
"Deinbollia pinnata",NA,NA,NA,NA,NA,NA,NA,NA,NA
"Delonix regia",NA,NA,NA,NA,NA,NA,NA,NA,NA
"Desmanthus virgatus",NA,NA,NA,NA,NA,NA,NA,NA,NA
"Desmodium",NA,NA,NA,NA,NA,NA,NA,NA,NA
"Desmodium distortum",NA,NA,NA,NA,NA,NA,NA,NA,NA
"Desmodium incanum",NA,NA,NA,NA,NA,NA,NA,NA,NA
"Desmodium intortum",NA,NA,NA,NA,NA,NA,NA,NA,NA
"Desmodium scorpiurus",NA,NA,NA,NA,NA,NA,NA,NA,NA
"Desmodium tortuosum",NA,NA,NA,NA,NA,NA,NA,NA,NA
"Desmodium uncinatum",NA,NA,NA,NA,NA,NA,NA,NA,NA
"Detarium microcarpum",NA,NA,NA,NA,NA,NA,NA,NA,NA
"Dialium guineense",NA,NA,NA,NA,NA,NA,NA,NA,NA
"Dichanthium annulatum",NA,NA,NA,NA,NA,NA,NA,NA,NA
"Dichanthium caricosum",NA,NA,NA,NA,NA,NA,NA,NA,NA
"Dichapetalum filicaule",NA,NA,NA,NA,NA,NA,NA,NA,NA
"Dichapetalum madagascariense",NA,NA,NA,NA,NA,NA,NA,NA,NA
"Dichrocephala integrifolia",NA,NA,NA,NA,NA,NA,NA,NA,NA
"Dichrostachys cinerea",NA,NA,NA,NA,NA,NA,NA,NA,NA
"Dicliptera elliotii",NA,NA,NA,NA,NA,NA,NA,NA,NA
"Dicliptera paniculata",NA,NA,NA,NA,NA,NA,NA,NA,NA
"Dicoma tomentosa",NA,NA,NA,NA,NA,NA,NA,NA,NA
"Digitalis purpurea","Digitalis purpurea l.","Enclosed",NA,0.0542,"Seed","Fruit with lateral aperture",0.67,0.4,NA
"Digitaria","Digitaria sanguinalis (l.) scop.","Covered partly",0.6,0.21,"Fruit","Non-fleshy fruit",0.56,0.76,NA
"Digitaria acuminatissima",NA,NA,NA,NA,NA,NA,NA,NA,NA
"Digitaria argillacea",NA,NA,NA,NA,NA,NA,NA,NA,NA
"Digitaria bicornis",NA,NA,NA,NA,NA,NA,NA,NA,NA
"Digitaria ciliaris",NA,NA,NA,NA,NA,NA,NA,NA,NA
"Digitaria delicatula",NA,NA,NA,NA,NA,NA,NA,NA,NA
"Digitaria diagonalis",NA,NA,NA,NA,NA,NA,NA,NA,NA
"Digitaria eriantha",NA,NA,NA,NA,NA,NA,NA,NA,NA
"Digitaria fuscescens",NA,NA,NA,NA,NA,NA,NA,NA,NA
"Digitaria gayana",NA,NA,NA,NA,NA,NA,NA,NA,NA
"Digitaria horizontalis",NA,NA,NA,NA,NA,NA,NA,NA,NA
"Digitaria humbertii",NA,NA,NA,NA,NA,NA,NA,NA,NA
"Digitaria insularis",NA,NA,NA,NA,NA,NA,NA,NA,NA
"Digitaria longiflora",NA,NA,NA,NA,NA,NA,NA,NA,NA
"Digitaria radicosa",NA,NA,NA,NA,NA,NA,NA,NA,NA
"Digitaria sanguinalis","Digitaria sanguinalis (l.) scop.","Covered partly",0.6,0.21,"Fruit","Non-fleshy fruit",0.56,0.76,NA
"Dimetia capitellata",NA,NA,NA,NA,NA,NA,NA,NA,NA
"Dinebra perrieri",NA,NA,NA,NA,NA,NA,NA,NA,NA
"Dinebra retroflexa",NA,NA,NA,NA,NA,NA,NA,NA,NA
"Diodia",NA,NA,NA,NA,NA,NA,NA,NA,NA
"Diodia rubricosa",NA,NA,NA,NA,NA,NA,NA,NA,NA
"Dioscorea",NA,NA,NA,NA,NA,NA,NA,NA,NA
"Dioscorea alata",NA,NA,NA,NA,NA,NA,NA,NA,NA
"Dioscorea antaly",NA,NA,NA,NA,NA,NA,NA,NA,NA
"Dioscorea bulbifera",NA,NA,NA,NA,NA,NA,NA,NA,NA
"Dioscorea cayenensis",NA,NA,NA,NA,NA,NA,NA,NA,NA
"Dioscorea dumetorum",NA,NA,NA,NA,NA,NA,NA,NA,NA
"Dioscorea minutiflora",NA,NA,NA,NA,NA,NA,NA,NA,NA
"Dioscorea praehensilis",NA,NA,NA,NA,NA,NA,NA,NA,NA
"Dioscorea preussii",NA,NA,NA,NA,NA,NA,NA,NA,NA
"Dioscorea quartiniana",NA,NA,NA,NA,NA,NA,NA,NA,NA
"Dioscorea sagittifolia lecardii",NA,NA,NA,NA,NA,NA,NA,NA,NA
"Dioscorea smilacifolia",NA,NA,NA,NA,NA,NA,NA,NA,NA
"Dioscorea togoensis",NA,NA,NA,NA,NA,NA,NA,NA,NA
"Dioscoreophyllum volkensii",NA,NA,NA,NA,NA,NA,NA,NA,NA
"Diospyros mespiliformis",NA,NA,NA,NA,NA,NA,NA,NA,NA
"Diospyros monbuttensis",NA,NA,NA,NA,NA,NA,NA,NA,NA
"Diplachne fusca",NA,NA,NA,NA,NA,NA,NA,NA,NA
"Diplotaxis tenuifolia","Diplotaxis tenuifolia (l.) dc.","Covered partly",NA,0.3,"Seed","Fruit with lateral aperture",0.3,0.62,NA
"Discoglypremna caloneura",NA,NA,NA,NA,NA,NA,NA,NA,NA
"Dissotis",NA,NA,NA,NA,NA,NA,NA,NA,NA
"Dissotis grandiflora",NA,NA,NA,NA,NA,NA,NA,NA,NA
"Distemonanthus benthamianus",NA,NA,NA,NA,NA,NA,NA,NA,NA
"Distimake aegyptius",NA,NA,NA,NA,NA,NA,NA,NA,NA
"Distimake cissoides",NA,NA,NA,NA,NA,NA,NA,NA,NA
"Distimake dissectus",NA,NA,NA,NA,NA,NA,NA,NA,NA
"Distimake kentrocaulos",NA,NA,NA,NA,NA,NA,NA,NA,NA
"Distimake quinquefolius",NA,NA,NA,NA,NA,NA,NA,NA,NA
"Dolichandra unguis-cati",NA,NA,NA,NA,NA,NA,NA,NA,NA
"Dracaena mannii",NA,NA,NA,NA,NA,NA,NA,NA,NA
"Drimia",NA,NA,NA,NA,NA,NA,NA,NA,NA
"Drymaria cordata",NA,NA,NA,NA,NA,NA,NA,NA,NA
"Dysphania ambrosioides",NA,NA,NA,NA,NA,NA,NA,NA,NA
"Echinochloa callopus",NA,NA,NA,NA,NA,NA,NA,NA,NA
"Echinochloa colonum",NA,NA,NA,NA,NA,NA,NA,NA,NA
"Echinochloa crus-galli","Echinochloa crus-galli (l.) p. beauv.","Exposed",NA,1.5,"Fruit","Non-fleshy fruit",0.6,0.91,0.4
"Echinochloa crus-pavonis",NA,NA,NA,NA,NA,NA,NA,NA,NA
"Echinochloa obtusiflora",NA,NA,NA,NA,NA,NA,NA,NA,NA
"Echinochloa polystachya",NA,NA,NA,NA,NA,NA,NA,NA,NA
"Echinochloa pyramidalis",NA,NA,NA,NA,NA,NA,NA,NA,NA
"Echinochloa stagnina",NA,NA,NA,NA,NA,NA,NA,NA,NA
"Echinops mildbraedii",NA,NA,NA,NA,NA,NA,NA,NA,NA
"Eclipta prostrata",NA,NA,NA,NA,NA,NA,NA,NA,NA
"Ehretia cymosa",NA,NA,NA,NA,NA,NA,NA,NA,NA
"Ehretia trachyphylla",NA,NA,NA,NA,NA,NA,NA,NA,NA
"Elaeis guineensis",NA,NA,NA,NA,NA,NA,NA,NA,NA
"Eleocharis",NA,NA,NA,NA,NA,NA,NA,NA,NA
"Eleocharis complanata",NA,NA,NA,NA,NA,NA,NA,NA,NA
"Eleocharis filiculmis",NA,NA,NA,NA,NA,NA,NA,NA,NA
"Elephantopus mollis",NA,NA,NA,NA,NA,NA,NA,NA,NA
"Elephantopus scaber",NA,NA,NA,NA,NA,NA,NA,NA,NA
"Eleusine indica",NA,NA,NA,NA,NA,NA,NA,NA,NA
"Eleutheranthera ruderalis",NA,NA,NA,NA,NA,NA,NA,NA,NA
"Elymandra androphila",NA,NA,NA,NA,NA,NA,NA,NA,NA
"Elytraria marginata",NA,NA,NA,NA,NA,NA,NA,NA,NA
"Elytraria maritima",NA,NA,NA,NA,NA,NA,NA,NA,NA
"Emilia coccinea",NA,NA,NA,NA,NA,NA,NA,NA,NA
"Emilia fosbergii",NA,NA,NA,NA,NA,NA,NA,NA,NA
"Emilia praetermissa",NA,NA,NA,NA,NA,NA,NA,NA,NA
"Emilia sonchifolia",NA,NA,NA,NA,NA,NA,NA,NA,NA
"Enneapogon cenchroides",NA,NA,NA,NA,NA,NA,NA,NA,NA
"Entada africana",NA,NA,NA,NA,NA,NA,NA,NA,NA
"Enteropogon prieurii",NA,NA,NA,NA,NA,NA,NA,NA,NA
"Equisetum",NA,NA,NA,NA,NA,NA,NA,NA,NA
"Equisetum ramosissimum",NA,NA,NA,NA,NA,NA,NA,NA,NA
"Eragrostis aspera",NA,NA,NA,NA,NA,NA,NA,NA,NA
"Eragrostis atrovirens",NA,NA,NA,NA,NA,NA,NA,NA,NA
"Eragrostis cilianensis","Eragrostis cilianensis (all.) vignolo ex janch.","Covered partly",NA,NA,"Fruit","Non-fleshy fruit",NA,NA,NA
"Eragrostis ciliaris",NA,NA,NA,NA,NA,NA,NA,NA,NA
"Eragrostis gangetica",NA,NA,NA,NA,NA,NA,NA,NA,NA
"Eragrostis macilenta",NA,NA,NA,NA,NA,NA,NA,NA,NA
"Eragrostis minor","Eragrostis minor host","Covered partly",NA,0.07,"Fruit","Non-fleshy fruit",0.66,NA,NA
"Eragrostis pilosa","Eragrostis pilosa (l.) p. beauv.","Covered partly",NA,NA,"Fruit","Non-fleshy fruit",NA,NA,NA
"Eragrostis squamata",NA,NA,NA,NA,NA,NA,NA,NA,NA
"Eragrostis tenella",NA,NA,NA,NA,NA,NA,NA,NA,NA
"Eragrostis tenuifolia",NA,NA,NA,NA,NA,NA,NA,NA,NA
"Eragrostis tremula",NA,NA,NA,NA,NA,NA,NA,NA,NA
"Eragrostis turgida",NA,NA,NA,NA,NA,NA,NA,NA,NA
"Eragrostis unioloides",NA,NA,NA,NA,NA,NA,NA,NA,NA
"Eragrostis viscosa",NA,NA,NA,NA,NA,NA,NA,NA,NA
"Eragrotis",NA,NA,NA,NA,NA,NA,NA,NA,NA
"Erechtites hieraciifolius",NA,NA,NA,NA,NA,NA,NA,NA,NA
"Erechtites valerianifolius",NA,NA,NA,NA,NA,NA,NA,NA,NA
"Erica galioides",NA,NA,NA,NA,NA,NA,NA,NA,NA
"Erigeron bonariensis",NA,NA,NA,NA,NA,NA,NA,NA,NA
"Erigeron floribundus",NA,NA,NA,NA,NA,NA,NA,NA,NA
"Erigeron karvinskianus",NA,NA,NA,NA,NA,NA,NA,NA,NA
"Erigeron sumatrensis",NA,NA,NA,NA,NA,NA,NA,NA,NA
"Eriochloa barbatus",NA,NA,NA,NA,NA,NA,NA,NA,NA
"Eriosema",NA,NA,NA,NA,NA,NA,NA,NA,NA
"Eriosema glomeratum",NA,NA,NA,NA,NA,NA,NA,NA,NA
"Eriosema psoraleoides",NA,NA,NA,NA,NA,NA,NA,NA,NA
"Eryngium foetidum",NA,NA,NA,NA,NA,NA,NA,NA,NA
"Erythrina senegalensis",NA,NA,NA,NA,NA,NA,NA,NA,NA
"Erythrina vogelii",NA,NA,NA,NA,NA,NA,NA,NA,NA
"Ethulia conyzoides",NA,NA,NA,NA,NA,NA,NA,NA,NA
"Euadenia trifoliolata",NA,NA,NA,NA,NA,NA,NA,NA,NA
"Eugenia leonensis",NA,NA,NA,NA,NA,NA,NA,NA,NA
"Euphorbia convolvuloides",NA,NA,NA,NA,NA,NA,NA,NA,NA
"Euphorbia forskaolii",NA,NA,NA,NA,NA,NA,NA,NA,NA
"Euphorbia heterophylla",NA,NA,NA,NA,NA,NA,NA,NA,NA
"Euphorbia heterophylla cyathophora",NA,NA,NA,NA,NA,NA,NA,NA,NA
"Euphorbia hirta",NA,NA,NA,NA,NA,NA,NA,NA,NA
"Euphorbia hypericifolia",NA,NA,NA,NA,NA,NA,NA,NA,NA
"Euphorbia hyssopifolia",NA,NA,NA,NA,NA,NA,NA,NA,NA
"Euphorbia peplus","Euphorbia peplus l.","Enclosed",NA,0.5,"Seed","Explosive release mechanism",0.28,0.3,NA
"Euphorbia prostrata","Euphorbia prostrata aiton","Enclosed",NA,NA,"Seed","Explosive release mechanism",NA,NA,NA
"Euphorbia scordiifolia",NA,NA,NA,NA,NA,NA,NA,NA,NA
"Euploca ovalifolia",NA,NA,NA,NA,NA,NA,NA,NA,NA
"Euploca strigosa",NA,NA,NA,NA,NA,NA,NA,NA,NA
"Evolvulus alsinoides",NA,NA,NA,NA,NA,NA,NA,NA,NA
"Evolvulus nummularius",NA,NA,NA,NA,NA,NA,NA,NA,NA
"Faidherbia albida",NA,NA,NA,NA,NA,NA,NA,NA,NA
"Falcataria falcata",NA,NA,NA,NA,NA,NA,NA,NA,NA
"Ficus",NA,NA,NA,NA,NA,NA,NA,NA,NA
"Ficus exasperata",NA,NA,NA,NA,NA,NA,NA,NA,NA
"Ficus mucuso",NA,NA,NA,NA,NA,NA,NA,NA,NA
"Ficus simplicissima",NA,NA,NA,NA,NA,NA,NA,NA,NA
"Ficus sur",NA,NA,NA,NA,NA,NA,NA,NA,NA
"Ficus trichopoda",NA,NA,NA,NA,NA,NA,NA,NA,NA
"Ficus variifolia",NA,NA,NA,NA,NA,NA,NA,NA,NA
"Ficus vogeliana",NA,NA,NA,NA,NA,NA,NA,NA,NA
"Fimbristylis",NA,NA,NA,NA,NA,NA,NA,NA,NA
"Fimbristylis dichotoma",NA,NA,NA,NA,NA,NA,NA,NA,NA
"Fimbristylis dichotoma podocarpa",NA,NA,NA,NA,NA,NA,NA,NA,NA
"Fimbristylis ferruginea",NA,NA,NA,NA,NA,NA,NA,NA,NA
"Fimbristylis littoralis",NA,NA,NA,NA,NA,NA,NA,NA,NA
"Fimbristylis scabrida",NA,NA,NA,NA,NA,NA,NA,NA,NA
"Fimbristylis signata",NA,NA,NA,NA,NA,NA,NA,NA,NA
"Flagellaria guineensis",NA,NA,NA,NA,NA,NA,NA,NA,NA
"Fleischmannia microstemon",NA,NA,NA,NA,NA,NA,NA,NA,NA
"Flueggea virosa",NA,NA,NA,NA,NA,NA,NA,NA,NA
"Freesia laxa",NA,NA,NA,NA,NA,NA,NA,NA,NA
"Fuchsia boliviana",NA,NA,NA,NA,NA,NA,NA,NA,NA
"Fuirena ciliaris",NA,NA,NA,NA,NA,NA,NA,NA,NA
"Fuirena stricta",NA,NA,NA,NA,NA,NA,NA,NA,NA
"Fuirena umbellata",NA,NA,NA,NA,NA,NA,NA,NA,NA
"Fumaria muralis","Fumaria muralis sond. ex w. d. j. koch","Exposed",1.5,NA,"Fruit","Non-fleshy fruit",NA,NA,NA
"Funtumia africana",NA,NA,NA,NA,NA,NA,NA,NA,NA
"Funtumia elastica",NA,NA,NA,NA,NA,NA,NA,NA,NA
"Gagnebina pterocarpa",NA,NA,NA,NA,NA,NA,NA,NA,NA
"Galinsoga parviflora","Galinsoga parviflora cav.","Exposed",NA,0.2,"Fruit","Non-fleshy fruit",0.89,0.84,NA
"Galium aparine","Galium aparine agg._Galium aparine l.","Exposed",1.5,9.815,"Fruit segment","Non-fleshy fruit",0.145,0.915,NA
"Gambeya subnuda",NA,NA,NA,NA,NA,NA,NA,NA,NA
"Gamochaeta purpurea",NA,NA,NA,NA,NA,NA,NA,NA,NA
"Garcinia kola",NA,NA,NA,NA,NA,NA,NA,NA,NA
"Gardenia erubescens",NA,NA,NA,NA,NA,NA,NA,NA,NA
"Geophila repens",NA,NA,NA,NA,NA,NA,NA,NA,NA
"Geranium robertianum","Geranium robertianum s.str. l.","Covered partly",NA,1.845,"Fruit segment","Explosive release mechanism",0.42,NA,0.16
"Gisekia",NA,NA,NA,NA,NA,NA,NA,NA,NA
"Gisekia pharnaceoides",NA,NA,NA,NA,NA,NA,NA,NA,NA
"Gladiolus",NA,NA,NA,NA,NA,NA,NA,NA,NA
"Gladiolus dalenii",NA,NA,NA,NA,NA,NA,NA,NA,NA
"Glinus",NA,NA,NA,NA,NA,NA,NA,NA,NA
"Glinus lotoides",NA,NA,NA,NA,NA,NA,NA,NA,NA
"Glinus oppositifolius",NA,NA,NA,NA,NA,NA,NA,NA,NA
"Glinus radiatus",NA,NA,NA,NA,NA,NA,NA,NA,NA
"Gliricidia sepium",NA,NA,NA,NA,NA,NA,NA,NA,NA
"Gloriosa superba",NA,NA,NA,NA,NA,NA,NA,NA,NA
"Glyphaea brevis",NA,NA,NA,NA,NA,NA,NA,NA,NA
"Gmelina arborea",NA,NA,NA,NA,NA,NA,NA,NA,NA
"Gomphrena celosioides",NA,NA,NA,NA,NA,NA,NA,NA,NA
"Gomphrena vermicularis",NA,NA,NA,NA,NA,NA,NA,NA,NA
"Gongronemopsis angolensis",NA,NA,NA,NA,NA,NA,NA,NA,NA
"Gonolobus rostratus",NA,NA,NA,NA,NA,NA,NA,NA,NA
"Gossypium barbadense",NA,NA,NA,NA,NA,NA,NA,NA,NA
"Gouania longipetala",NA,NA,NA,NA,NA,NA,NA,NA,NA
"Grewia carpinifolia",NA,NA,NA,NA,NA,NA,NA,NA,NA
"Grewia mollis",NA,NA,NA,NA,NA,NA,NA,NA,NA
"Griffonia simplicifolia",NA,NA,NA,NA,NA,NA,NA,NA,NA
"Grona adscendens",NA,NA,NA,NA,NA,NA,NA,NA,NA
"Grona barbata",NA,NA,NA,NA,NA,NA,NA,NA,NA
"Grona hirta",NA,NA,NA,NA,NA,NA,NA,NA,NA
"Grona ramosissima",NA,NA,NA,NA,NA,NA,NA,NA,NA
"Grona triflora",NA,NA,NA,NA,NA,NA,NA,NA,NA
"Guilandina bonduc",NA,NA,NA,NA,NA,NA,NA,NA,NA
"Gymnosporia senegalensis",NA,NA,NA,NA,NA,NA,NA,NA,NA
"Gynandropsis gynandra",NA,NA,NA,NA,NA,NA,NA,NA,NA
"Hackelochloa granularis",NA,NA,NA,NA,NA,NA,NA,NA,NA
"Harrisonia abyssinica",NA,NA,NA,NA,NA,NA,NA,NA,NA
"Harungana madagascariensis",NA,NA,NA,NA,NA,NA,NA,NA,NA
"Hediotis",NA,NA,NA,NA,NA,NA,NA,NA,NA
"Hedychium coronarium",NA,NA,NA,NA,NA,NA,NA,NA,NA
"Hedychium gardnerianum",NA,NA,NA,NA,NA,NA,NA,NA,NA
"Heisteria parvifolia",NA,NA,NA,NA,NA,NA,NA,NA,NA
"Helichrysum luteoalbum","Gnaphalium luteoalbum l.","Exposed",NA,NA,"Fruit","Non-fleshy fruit",NA,NA,NA
"Heliconia psittacorum",NA,NA,NA,NA,NA,NA,NA,NA,NA
"Heliotropium",NA,NA,NA,NA,NA,NA,NA,NA,NA
"Heliotropium amplexicaule",NA,NA,NA,NA,NA,NA,NA,NA,NA
"Heliotropium bacciferum",NA,NA,NA,NA,NA,NA,NA,NA,NA
"Heliotropium indicum",NA,NA,NA,NA,NA,NA,NA,NA,NA
"Heliotropium zeylanicum",NA,NA,NA,NA,NA,NA,NA,NA,NA
"Hermannia tigreensis",NA,NA,NA,NA,NA,NA,NA,NA,NA
"Heteranthera callifolia",NA,NA,NA,NA,NA,NA,NA,NA,NA
"Heteropogon",NA,NA,NA,NA,NA,NA,NA,NA,NA
"Heteropogon contortus",NA,NA,NA,NA,NA,NA,NA,NA,NA
"Heterotis rotundifolia",NA,NA,NA,NA,NA,NA,NA,NA,NA
"Hewittia malabarica",NA,NA,NA,NA,NA,NA,NA,NA,NA
"Hexasepalum sarmentosum",NA,NA,NA,NA,NA,NA,NA,NA,NA
"Hexasepalum scandens",NA,NA,NA,NA,NA,NA,NA,NA,NA
"Hibiscus",NA,NA,NA,NA,NA,NA,NA,NA,NA
"Hibiscus caerulescens",NA,NA,NA,NA,NA,NA,NA,NA,NA
"Hibiscus cannabinus",NA,NA,NA,NA,NA,NA,NA,NA,NA
"Hibiscus diversifolius",NA,NA,NA,NA,NA,NA,NA,NA,NA
"Hibiscus lobatus",NA,NA,NA,NA,NA,NA,NA,NA,NA
"Hibiscus panduriformis",NA,NA,NA,NA,NA,NA,NA,NA,NA
"Hibiscus physaloides",NA,NA,NA,NA,NA,NA,NA,NA,NA
"Hibiscus sabdariffa",NA,NA,NA,NA,NA,NA,NA,NA,NA
"Hibiscus sidiformis",NA,NA,NA,NA,NA,NA,NA,NA,NA
"Hibiscus surattensis",NA,NA,NA,NA,NA,NA,NA,NA,NA
"Hildegardia barteri",NA,NA,NA,NA,NA,NA,NA,NA,NA
"Hippobroma longiflora",NA,NA,NA,NA,NA,NA,NA,NA,NA
"Hiptage benghalensis",NA,NA,NA,NA,NA,NA,NA,NA,NA
"Histiopteris incisa",NA,NA,NA,NA,NA,NA,NA,NA,NA
"Holarrhena floribunda",NA,NA,NA,NA,NA,NA,NA,NA,NA
"Holcus lanatus","Holcus lanatus l.","Covered partly",1.13,0.461333,"Fruit","Non-fleshy fruit",0.77,0.83,0.42
"Holoptelea grandis",NA,NA,NA,NA,NA,NA,NA,NA,NA
"Homolepis aturensis",NA,NA,NA,NA,NA,NA,NA,NA,NA
"Hoslundia opposita",NA,NA,NA,NA,NA,NA,NA,NA,NA
"Houttuynia cordata",NA,NA,NA,NA,NA,NA,NA,NA,NA
"Hybanthus",NA,NA,NA,NA,NA,NA,NA,NA,NA
"Hydrocotyle bonariensis",NA,NA,NA,NA,NA,NA,NA,NA,NA
"Hydrocotyle sibthorpioides",NA,NA,NA,NA,NA,NA,NA,NA,NA
"Hydrocotyle umbellata",NA,NA,NA,NA,NA,NA,NA,NA,NA
"Hydrolea palustris",NA,NA,NA,NA,NA,NA,NA,NA,NA
"Hygrophila",NA,NA,NA,NA,NA,NA,NA,NA,NA
"Hygrophila auriculata",NA,NA,NA,NA,NA,NA,NA,NA,NA
"Hymenachne amplexicaulis",NA,NA,NA,NA,NA,NA,NA,NA,NA
"Hyparrhenia",NA,NA,NA,NA,NA,NA,NA,NA,NA
"Hyparrhenia diplandra",NA,NA,NA,NA,NA,NA,NA,NA,NA
"Hyparrhenia rufa",NA,NA,NA,NA,NA,NA,NA,NA,NA
"Hypericum japonicum",NA,NA,NA,NA,NA,NA,NA,NA,NA
"Hypertelis cerviana",NA,NA,NA,NA,NA,NA,NA,NA,NA
"Hypochaeris radicata","Hypochaeris radicata l.","Exposed",NA,0.82,"Fruit","Non-fleshy fruit",0.95,0.94,0.64
"Hypselodelphys violacea",NA,NA,NA,NA,NA,NA,NA,NA,NA
"Hyptis atrorubens",NA,NA,NA,NA,NA,NA,NA,NA,NA
"Hyptis brevipes",NA,NA,NA,NA,NA,NA,NA,NA,NA
"Hyptis capitata",NA,NA,NA,NA,NA,NA,NA,NA,NA
"Hyptis lanceolata",NA,NA,NA,NA,NA,NA,NA,NA,NA
"Icacina mannii",NA,NA,NA,NA,NA,NA,NA,NA,NA
"Impatiens trilobata",NA,NA,NA,NA,NA,NA,NA,NA,NA
"Impatiens walleriana",NA,NA,NA,NA,NA,NA,NA,NA,NA
"Imperata brasiliensis",NA,NA,NA,NA,NA,NA,NA,NA,NA
"Imperata cylindrica",NA,NA,NA,NA,NA,NA,NA,NA,NA
"Indigastrum parviflorum",NA,NA,NA,NA,NA,NA,NA,NA,NA
"Indigofera",NA,NA,NA,NA,NA,NA,NA,NA,NA
"Indigofera berhautiana",NA,NA,NA,NA,NA,NA,NA,NA,NA
"Indigofera colutea",NA,NA,NA,NA,NA,NA,NA,NA,NA
"Indigofera dendroides",NA,NA,NA,NA,NA,NA,NA,NA,NA
"Indigofera geminata",NA,NA,NA,NA,NA,NA,NA,NA,NA
"Indigofera hendecaphylla",NA,NA,NA,NA,NA,NA,NA,NA,NA
"Indigofera hirsuta",NA,NA,NA,NA,NA,NA,NA,NA,NA
"Indigofera macrophylla",NA,NA,NA,NA,NA,NA,NA,NA,NA
"Indigofera nummulariifolia",NA,NA,NA,NA,NA,NA,NA,NA,NA
"Indigofera oblongifolia",NA,NA,NA,NA,NA,NA,NA,NA,NA
"Indigofera paniculata",NA,NA,NA,NA,NA,NA,NA,NA,NA
"Indigofera pilosa",NA,NA,NA,NA,NA,NA,NA,NA,NA
"Indigofera polysphaera",NA,NA,NA,NA,NA,NA,NA,NA,NA
"Indigofera secundiflora",NA,NA,NA,NA,NA,NA,NA,NA,NA
"Indigofera spicata",NA,NA,NA,NA,NA,NA,NA,NA,NA
"Indigofera stenophylla",NA,NA,NA,NA,NA,NA,NA,NA,NA
"Indigofera strobilifera",NA,NA,NA,NA,NA,NA,NA,NA,NA
"Indigofera tetrasperma",NA,NA,NA,NA,NA,NA,NA,NA,NA
"Indigofera tinctoria",NA,NA,NA,NA,NA,NA,NA,NA,NA
"Indigofera trita",NA,NA,NA,NA,NA,NA,NA,NA,NA
"Iphigenia pauciflora",NA,NA,NA,NA,NA,NA,NA,NA,NA
"Ipomoea",NA,NA,NA,NA,NA,NA,NA,NA,NA
"Ipomoea alba",NA,NA,NA,NA,NA,NA,NA,NA,NA
"Ipomoea aquatica",NA,NA,NA,NA,NA,NA,NA,NA,NA
"Ipomoea arachnosperma",NA,NA,NA,NA,NA,NA,NA,NA,NA
"Ipomoea argentaurata",NA,NA,NA,NA,NA,NA,NA,NA,NA
"Ipomoea asarifolia",NA,NA,NA,NA,NA,NA,NA,NA,NA
"Ipomoea batatas",NA,NA,NA,NA,NA,NA,NA,NA,NA
"Ipomoea bolusiana",NA,NA,NA,NA,NA,NA,NA,NA,NA
"Ipomoea cairica",NA,NA,NA,NA,NA,NA,NA,NA,NA
"Ipomoea carnea fistulosa",NA,NA,NA,NA,NA,NA,NA,NA,NA
"Ipomoea coptica",NA,NA,NA,NA,NA,NA,NA,NA,NA
"Ipomoea eriocarpa",NA,NA,NA,NA,NA,NA,NA,NA,NA
"Ipomoea hederifolia",NA,NA,NA,NA,NA,NA,NA,NA,NA
"Ipomoea heterotricha",NA,NA,NA,NA,NA,NA,NA,NA,NA
"Ipomoea indica",NA,NA,NA,NA,NA,NA,NA,NA,NA
"Ipomoea involucrata",NA,NA,NA,NA,NA,NA,NA,NA,NA
"Ipomoea mauritiana",NA,NA,NA,NA,NA,NA,NA,NA,NA
"Ipomoea muricata",NA,NA,NA,NA,NA,NA,NA,NA,NA
"Ipomoea nil",NA,NA,NA,NA,NA,NA,NA,NA,NA
"Ipomoea obscura",NA,NA,NA,NA,NA,NA,NA,NA,NA
"Ipomoea ochracea",NA,NA,NA,NA,NA,NA,NA,NA,NA
"Ipomoea pes-caprae",NA,NA,NA,NA,NA,NA,NA,NA,NA
"Ipomoea pes-tigridis",NA,NA,NA,NA,NA,NA,NA,NA,NA
"Ipomoea purpurea",NA,NA,NA,NA,NA,NA,NA,NA,NA
"Ipomoea pyrophila",NA,NA,NA,NA,NA,NA,NA,NA,NA
"Ipomoea quamoclit",NA,NA,NA,NA,NA,NA,NA,NA,NA
"Ipomoea sagittifolia",NA,NA,NA,NA,NA,NA,NA,NA,NA
"Ipomoea setifera",NA,NA,NA,NA,NA,NA,NA,NA,NA
"Ipomoea staphylina",NA,NA,NA,NA,NA,NA,NA,NA,NA
"Ipomoea tiliacea",NA,NA,NA,NA,NA,NA,NA,NA,NA
"Ipomoea triloba",NA,NA,NA,NA,NA,NA,NA,NA,NA
"Ipomoea vagans",NA,NA,NA,NA,NA,NA,NA,NA,NA
"Isachne",NA,NA,NA,NA,NA,NA,NA,NA,NA
"Isachne kiyalaensis",NA,NA,NA,NA,NA,NA,NA,NA,NA
"Ischaemum afrum",NA,NA,NA,NA,NA,NA,NA,NA,NA
"Ischaemum koleostachys",NA,NA,NA,NA,NA,NA,NA,NA,NA
"Ischaemum rugosum",NA,NA,NA,NA,NA,NA,NA,NA,NA
"Isolepis fluitans","Isolepis fluitans (l.) r. br.","Covered partly",NA,NA,"Fruit","Non-fleshy fruit",NA,NA,NA
"Isolona campanulata",NA,NA,NA,NA,NA,NA,NA,NA,NA
"Isolona cooperi",NA,NA,NA,NA,NA,NA,NA,NA,NA
"Jacquemontia",NA,NA,NA,NA,NA,NA,NA,NA,NA
"Jacquemontia tamnifolia",NA,NA,NA,NA,NA,NA,NA,NA,NA
"Jasminum pauciflorum",NA,NA,NA,NA,NA,NA,NA,NA,NA
"Jatropha curcas",NA,NA,NA,NA,NA,NA,NA,NA,NA
"Jatropha gossypiifolia",NA,NA,NA,NA,NA,NA,NA,NA,NA
"Juncus effusus","Juncus effusus l.","Covered partly",NA,0.0125,"Seed","Fruit with upright aperture",0.65,0.73,0.49
"Justicia anselliana",NA,NA,NA,NA,NA,NA,NA,NA,NA
"Justicia flava",NA,NA,NA,NA,NA,NA,NA,NA,NA
"Justicia ladanoides",NA,NA,NA,NA,NA,NA,NA,NA,NA
"Kalanchoe crenata",NA,NA,NA,NA,NA,NA,NA,NA,NA
"Kallstroemia pubescens",NA,NA,NA,NA,NA,NA,NA,NA,NA
"Keetia leucantha",NA,NA,NA,NA,NA,NA,NA,NA,NA
"Khaya senegalensis",NA,NA,NA,NA,NA,NA,NA,NA,NA
"Kohautia grandiflora",NA,NA,NA,NA,NA,NA,NA,NA,NA
"Kohautia tenuis",NA,NA,NA,NA,NA,NA,NA,NA,NA
"Lablab purpureus",NA,NA,NA,NA,NA,NA,NA,NA,NA
"Laccosperma secundiflorum",NA,NA,NA,NA,NA,NA,NA,NA,NA
"Lactuca indica",NA,NA,NA,NA,NA,NA,NA,NA,NA
"Lagenaria breviflora",NA,NA,NA,NA,NA,NA,NA,NA,NA
"Lagenaria guineensis",NA,NA,NA,NA,NA,NA,NA,NA,NA
"Laggera alata",NA,NA,NA,NA,NA,NA,NA,NA,NA
"Laggera crispata",NA,NA,NA,NA,NA,NA,NA,NA,NA
"Laggera gracilis",NA,NA,NA,NA,NA,NA,NA,NA,NA
"Lamium amplexicaule","Lamium amplexicaule l.","Covered partly",NA,0.6,"Fruit segment","Non-fleshy fruit",0.39,NA,NA
"Landolphia hirsuta",NA,NA,NA,NA,NA,NA,NA,NA,NA
"Lannea nigritana",NA,NA,NA,NA,NA,NA,NA,NA,NA
"Lantana camara",NA,NA,NA,NA,NA,NA,NA,NA,NA
"Lantana rugosa",NA,NA,NA,NA,NA,NA,NA,NA,NA
"Lantana trifolia",NA,NA,NA,NA,NA,NA,NA,NA,NA
"Laportea aestuans",NA,NA,NA,NA,NA,NA,NA,NA,NA
"Lapsana communis","Lapsana communis l.","Covered partly",NA,1.7,"Fruit","Non-fleshy fruit",0.31,NA,NA
"Lasimorpha senegalensis",NA,NA,NA,NA,NA,NA,NA,NA,NA
"Launaea",NA,NA,NA,NA,NA,NA,NA,NA,NA
"Launaea cornuta",NA,NA,NA,NA,NA,NA,NA,NA,NA
"Launaea nana",NA,NA,NA,NA,NA,NA,NA,NA,NA
"Launaea rarifolia",NA,NA,NA,NA,NA,NA,NA,NA,NA
"Launaea taraxacifolia",NA,NA,NA,NA,NA,NA,NA,NA,NA
"Lavandula angustifolia",NA,NA,NA,NA,NA,NA,NA,NA,NA
"Lecaniodiscus cupanioides",NA,NA,NA,NA,NA,NA,NA,NA,NA
"Ledebouria sudanica",NA,NA,NA,NA,NA,NA,NA,NA,NA
"Leersia hexandra",NA,NA,NA,NA,NA,NA,NA,NA,NA
"Lemna","Lemna minor l.","Exposed",NA,NA,"Fruit","Fleshy fruit",NA,NA,NA
"Lemna aequinoctialis",NA,NA,NA,NA,NA,NA,NA,NA,NA
"Lemna minor","Lemna minor l.","Exposed",NA,NA,"Fruit","Fleshy fruit",NA,NA,NA
"Leonotis",NA,NA,NA,NA,NA,NA,NA,NA,NA
"Leonotis nepetifolia",NA,NA,NA,NA,NA,NA,NA,NA,NA
"Leonurus sibiricus",NA,NA,NA,NA,NA,NA,NA,NA,NA
"Lepidagathis alopecuroidea",NA,NA,NA,NA,NA,NA,NA,NA,NA
"Lepidium africanum",NA,NA,NA,NA,NA,NA,NA,NA,NA
"Lepidium bonariense",NA,NA,NA,NA,NA,NA,NA,NA,NA
"Lepidium didymum",NA,NA,NA,NA,NA,NA,NA,NA,NA
"Lepistemon owariensis",NA,NA,NA,NA,NA,NA,NA,NA,NA
"Leptactina densiflora",NA,NA,NA,NA,NA,NA,NA,NA,NA
"Leptadenia lanceolata lanceolata",NA,NA,NA,NA,NA,NA,NA,NA,NA
"Leptadenia madagascariensis",NA,NA,NA,NA,NA,NA,NA,NA,NA
"Leptadenia pyrotechnica",NA,NA,NA,NA,NA,NA,NA,NA,NA
"Leptocarydion vulpiastrum",NA,NA,NA,NA,NA,NA,NA,NA,NA
"Leptochloa",NA,NA,NA,NA,NA,NA,NA,NA,NA
"Leptochloa caerulescens",NA,NA,NA,NA,NA,NA,NA,NA,NA
"Leptochloa chinensis",NA,NA,NA,NA,NA,NA,NA,NA,NA
"Leptochloa scabra",NA,NA,NA,NA,NA,NA,NA,NA,NA
"Leptochloa virgata",NA,NA,NA,NA,NA,NA,NA,NA,NA
"Leptoderris ledermannii",NA,NA,NA,NA,NA,NA,NA,NA,NA
"Leptoderris miegei",NA,NA,NA,NA,NA,NA,NA,NA,NA
"Leptothrium senegalense",NA,NA,NA,NA,NA,NA,NA,NA,NA
"Lepturus radicans",NA,NA,NA,NA,NA,NA,NA,NA,NA
"Leucaena leucocephala",NA,NA,NA,NA,NA,NA,NA,NA,NA
"Leucas lavandulifolia",NA,NA,NA,NA,NA,NA,NA,NA,NA
"Leucas martinicensis",NA,NA,NA,NA,NA,NA,NA,NA,NA
"Lindernia",NA,NA,NA,NA,NA,NA,NA,NA,NA
"Lindernia rotundifolia",NA,NA,NA,NA,NA,NA,NA,NA,NA
"Linzia ituriensis",NA,NA,NA,NA,NA,NA,NA,NA,NA
"Lipotriche scandens",NA,NA,NA,NA,NA,NA,NA,NA,NA
"Lippia",NA,NA,NA,NA,NA,NA,NA,NA,NA
"Lippia chevalieri",NA,NA,NA,NA,NA,NA,NA,NA,NA
"Lippia multiflora",NA,NA,NA,NA,NA,NA,NA,NA,NA
"Litsea glutinosa",NA,NA,NA,NA,NA,NA,NA,NA,NA
"Litsea monopetala",NA,NA,NA,NA,NA,NA,NA,NA,NA
"Lobelia cliffortiana",NA,NA,NA,NA,NA,NA,NA,NA,NA
"Lolium perenne","Lolium perenne l.","Covered partly",0.9,1.9115,"Fruit","Non-fleshy fruit",0.73,0.12,0.55
"Lonchocarpus sericeus",NA,NA,NA,NA,NA,NA,NA,NA,NA
"Lonicera confusa",NA,NA,NA,NA,NA,NA,NA,NA,NA
"Lophira lanceolata",NA,NA,NA,NA,NA,NA,NA,NA,NA
"Lotononis rostrata",NA,NA,NA,NA,NA,NA,NA,NA,NA
"Lotus arabicus",NA,NA,NA,NA,NA,NA,NA,NA,NA
"Loudetia togoensis",NA,NA,NA,NA,NA,NA,NA,NA,NA
"Ludwigia",NA,NA,NA,NA,NA,NA,NA,NA,NA
"Ludwigia abyssinica",NA,NA,NA,NA,NA,NA,NA,NA,NA
"Ludwigia adscendens diffusa",NA,NA,NA,NA,NA,NA,NA,NA,NA
"Ludwigia decurrens",NA,NA,NA,NA,NA,NA,NA,NA,NA
"Ludwigia erecta",NA,NA,NA,NA,NA,NA,NA,NA,NA
"Ludwigia hyssopifolia",NA,NA,NA,NA,NA,NA,NA,NA,NA
"Ludwigia leptocarpa",NA,NA,NA,NA,NA,NA,NA,NA,NA
"Ludwigia octovalvis",NA,NA,NA,NA,NA,NA,NA,NA,NA
"Ludwigia stenorraphe",NA,NA,NA,NA,NA,NA,NA,NA,NA
"Luffa aegyptiaca",NA,NA,NA,NA,NA,NA,NA,NA,NA
"Luziola subintegra",NA,NA,NA,NA,NA,NA,NA,NA,NA
"Luzula campestris","Luzula campestris (l.) dc.","Covered partly",NA,0.597688,"Seed","Fruit with upright aperture",0.27,0.53,0.65
"Lygodium flexuosum",NA,NA,NA,NA,NA,NA,NA,NA,NA
"Lysimachia arvensis arvensis","Anagallis arvensis l.","Enclosed",0.84,0.4245,"Seed","Fruit with upright aperture",0.31,0.3,0.78
"Lysimachia foemina","Anagallis foemina mill.","Enclosed",NA,NA,"Seed","Fruit with upright aperture",0.3,0.28,0.42
"Macropsychanthus comosus",NA,NA,NA,NA,NA,NA,NA,NA,NA
"Macroptilium",NA,NA,NA,NA,NA,NA,NA,NA,NA
"Macroptilium atropurpureum",NA,NA,NA,NA,NA,NA,NA,NA,NA
"Macroptilium lathyroides",NA,NA,NA,NA,NA,NA,NA,NA,NA
"Macroptilium longepedunculatum",NA,NA,NA,NA,NA,NA,NA,NA,NA
"Macrotyloma biflorum biflorum",NA,NA,NA,NA,NA,NA,NA,NA,NA
"Maesobotrya barteri",NA,NA,NA,NA,NA,NA,NA,NA,NA
"Malacantha alnifolia",NA,NA,NA,NA,NA,NA,NA,NA,NA
"Malachra radiata",NA,NA,NA,NA,NA,NA,NA,NA,NA
"Mallotus",NA,NA,NA,NA,NA,NA,NA,NA,NA
"Mallotus oppositifolius",NA,NA,NA,NA,NA,NA,NA,NA,NA
"Malva",NA,NA,NA,NA,NA,NA,NA,NA,NA
"Malva parviflora",NA,NA,NA,NA,NA,NA,NA,NA,NA
"Malvastrum coromandelianum",NA,NA,NA,NA,NA,NA,NA,NA,NA
"Mangifera indica",NA,NA,NA,NA,NA,NA,NA,NA,NA
"Manihot esculenta",NA,NA,NA,NA,NA,NA,NA,NA,NA
"Manotes expansa",NA,NA,NA,NA,NA,NA,NA,NA,NA
"Mansonia altissima",NA,NA,NA,NA,NA,NA,NA,NA,NA
"Marantochloa cuspidata",NA,NA,NA,NA,NA,NA,NA,NA,NA
"Mareya micrantha",NA,NA,NA,NA,NA,NA,NA,NA,NA
"Margaritaria discoidea",NA,NA,NA,NA,NA,NA,NA,NA,NA
"Mariscus",NA,NA,NA,NA,NA,NA,NA,NA,NA
"Marsilea",NA,NA,NA,NA,NA,NA,NA,NA,NA
"Marsilea minuta",NA,NA,NA,NA,NA,NA,NA,NA,NA
"Marsypianthes chamaedrys",NA,NA,NA,NA,NA,NA,NA,NA,NA
"Mecardonia procumbens",NA,NA,NA,NA,NA,NA,NA,NA,NA
"Medicago","Medicago polymorpha l.","Enclosed",3,106.138,"Seed","Fruit with lateral aperture",0.14,0.04,NA
"Medicago polymorpha","Medicago polymorpha l.","Enclosed",3,106.138,"Seed","Fruit with lateral aperture",0.14,0.04,NA
"Megathyrsus maximus",NA,NA,NA,NA,NA,NA,NA,NA,NA
"Melaleuca quinquenervia",NA,NA,NA,NA,NA,NA,NA,NA,NA
"Melasma melampyroides",NA,NA,NA,NA,NA,NA,NA,NA,NA
"Melastoma",NA,NA,NA,NA,NA,NA,NA,NA,NA
"Melastomastrum capitatum",NA,NA,NA,NA,NA,NA,NA,NA,NA
"Melia azedarach",NA,NA,NA,NA,NA,NA,NA,NA,NA
"Melicope pteleifolia",NA,NA,NA,NA,NA,NA,NA,NA,NA
"Melilotus albus","Melilotus albus medik.","Exposed",NA,2,"Fruit","Non-fleshy fruit",0.81,0.79,NA
"Melilotus indicus","Melilotus indicus (l.) all.","Exposed",1,NA,"Fruit","Non-fleshy fruit",0.23,0.73,NA
"Melinis minutiflora",NA,NA,NA,NA,NA,NA,NA,NA,NA
"Melinis repens",NA,NA,NA,NA,NA,NA,NA,NA,NA
"Melliniella micrantha",NA,NA,NA,NA,NA,NA,NA,NA,NA
"Melochia corchorifolia",NA,NA,NA,NA,NA,NA,NA,NA,NA
"Melochia pyramidata",NA,NA,NA,NA,NA,NA,NA,NA,NA
"Merremia",NA,NA,NA,NA,NA,NA,NA,NA,NA
"Merremia emarginata",NA,NA,NA,NA,NA,NA,NA,NA,NA
"Merremia hederacea",NA,NA,NA,NA,NA,NA,NA,NA,NA
"Merremia pterygocaulos",NA,NA,NA,NA,NA,NA,NA,NA,NA
"Mesosphaerum pectinatum",NA,NA,NA,NA,NA,NA,NA,NA,NA
"Mesosphaerum suaveolens",NA,NA,NA,NA,NA,NA,NA,NA,NA
"Mezoneuron benthamianum",NA,NA,NA,NA,NA,NA,NA,NA,NA
"Miconia",NA,NA,NA,NA,NA,NA,NA,NA,NA
"Miconia crenata",NA,NA,NA,NA,NA,NA,NA,NA,NA
"Microchloa indica",NA,NA,NA,NA,NA,NA,NA,NA,NA
"Micrococca mercurialis",NA,NA,NA,NA,NA,NA,NA,NA,NA
"Microdesmis keayana",NA,NA,NA,NA,NA,NA,NA,NA,NA
"Mikania",NA,NA,NA,NA,NA,NA,NA,NA,NA
"Mikania cordata",NA,NA,NA,NA,NA,NA,NA,NA,NA
"Mikania micrantha",NA,NA,NA,NA,NA,NA,NA,NA,NA
"Milicia excelsa",NA,NA,NA,NA,NA,NA,NA,NA,NA
"Milicia regia",NA,NA,NA,NA,NA,NA,NA,NA,NA
"Millettia thonningii",NA,NA,NA,NA,NA,NA,NA,NA,NA
"Millettia zechiana",NA,NA,NA,NA,NA,NA,NA,NA,NA
"Mimosa",NA,NA,NA,NA,NA,NA,NA,NA,NA
"Mimosa candollei",NA,NA,NA,NA,NA,NA,NA,NA,NA
"Mimosa diplotricha",NA,NA,NA,NA,NA,NA,NA,NA,NA
"Mimosa pigra",NA,NA,NA,NA,NA,NA,NA,NA,NA
"Mimosa pudica",NA,NA,NA,NA,NA,NA,NA,NA,NA
"Mirabilis jalapa",NA,NA,NA,NA,NA,NA,NA,NA,NA
"Miscanthidium violaceum",NA,NA,NA,NA,NA,NA,NA,NA,NA
"Mitracarpus hirtus",NA,NA,NA,NA,NA,NA,NA,NA,NA
"Mitragyna inermis",NA,NA,NA,NA,NA,NA,NA,NA,NA
"Mitragyna stipulosa",NA,NA,NA,NA,NA,NA,NA,NA,NA
"Mollugo",NA,NA,NA,NA,NA,NA,NA,NA,NA
"Mollugo verticillata",NA,NA,NA,NA,NA,NA,NA,NA,NA
"Momordica balsamina",NA,NA,NA,NA,NA,NA,NA,NA,NA
"Momordica charantia",NA,NA,NA,NA,NA,NA,NA,NA,NA
"Momordica cissoides",NA,NA,NA,NA,NA,NA,NA,NA,NA
"Momordica foetida",NA,NA,NA,NA,NA,NA,NA,NA,NA
"Mondia whitei",NA,NA,NA,NA,NA,NA,NA,NA,NA
"Monechma ciliatum",NA,NA,NA,NA,NA,NA,NA,NA,NA
"Monodora tenuifolia",NA,NA,NA,NA,NA,NA,NA,NA,NA
"Monodora undulata",NA,NA,NA,NA,NA,NA,NA,NA,NA
"Montrichardia arborescens",NA,NA,NA,NA,NA,NA,NA,NA,NA
"Moorochloa eruciformis",NA,NA,NA,NA,NA,NA,NA,NA,NA
"Morinda citrifolia",NA,NA,NA,NA,NA,NA,NA,NA,NA
"Morinda lucida",NA,NA,NA,NA,NA,NA,NA,NA,NA
"Motandra paniculata",NA,NA,NA,NA,NA,NA,NA,NA,NA
"Mucuna",NA,NA,NA,NA,NA,NA,NA,NA,NA
"Mucuna flagellipes",NA,NA,NA,NA,NA,NA,NA,NA,NA
"Mucuna pruriens",NA,NA,NA,NA,NA,NA,NA,NA,NA
"Murdannia",NA,NA,NA,NA,NA,NA,NA,NA,NA
"Murdannia nudiflora",NA,NA,NA,NA,NA,NA,NA,NA,NA
"Murdannia simplex",NA,NA,NA,NA,NA,NA,NA,NA,NA
"Murraya koenigii",NA,NA,NA,NA,NA,NA,NA,NA,NA
"Murraya paniculata",NA,NA,NA,NA,NA,NA,NA,NA,NA
"Musa",NA,NA,NA,NA,NA,NA,NA,NA,NA
"Musa paradisiaca",NA,NA,NA,NA,NA,NA,NA,NA,NA
"Mussaenda elegans",NA,NA,NA,NA,NA,NA,NA,NA,NA
"Mussaenda tristigmatica",NA,NA,NA,NA,NA,NA,NA,NA,NA
"Myosotis discolor","Myosotis discolor pers.","Exposed",0.4,NA,"Fruit","Non-fleshy fruit",0.51,NA,NA
"Najas pectinata",NA,NA,NA,NA,NA,NA,NA,NA,NA
"Napoleonaea vogelii",NA,NA,NA,NA,NA,NA,NA,NA,NA
"Nasturtium officinale","Nasturtium officinale agg.","Covered partly",0.5,0.2,"Seed","Fruit with lateral aperture",0.39,0.61,0.08
"Nauclea latifolia",NA,NA,NA,NA,NA,NA,NA,NA,NA
"Nelsonia canescens",NA,NA,NA,NA,NA,NA,NA,NA,NA
"Neojeffreya decurrens",NA,NA,NA,NA,NA,NA,NA,NA,NA
"Neonotonia",NA,NA,NA,NA,NA,NA,NA,NA,NA
"Neonotonia wightii",NA,NA,NA,NA,NA,NA,NA,NA,NA
"Neoschumannia kamerunensis",NA,NA,NA,NA,NA,NA,NA,NA,NA
"Nephrolepis biserrata",NA,NA,NA,NA,NA,NA,NA,NA,NA
"Neptunia plena",NA,NA,NA,NA,NA,NA,NA,NA,NA
"Neptunia prostrata",NA,NA,NA,NA,NA,NA,NA,NA,NA
"Nesogordonia papaverifera",NA,NA,NA,NA,NA,NA,NA,NA,NA
"Neustanthus phaseoloides",NA,NA,NA,NA,NA,NA,NA,NA,NA
"Newbouldia laevis",NA,NA,NA,NA,NA,NA,NA,NA,NA
"Nicandra physalodes","Nicandra physalodes (l.) p. gaertn.","Exposed",12,NA,"Fruit","Fleshy fruit",NA,NA,NA
"Nicotiana plumbaginifolia",NA,NA,NA,NA,NA,NA,NA,NA,NA
"Nidorella aegyptiaca",NA,NA,NA,NA,NA,NA,NA,NA,NA
"Nymphaea alba","Nymphaea alba l.","Covered partly",NA,6.304,"Fruit","Fleshy fruit",NA,0.21,NA
"Nymphaea lotus",NA,NA,NA,NA,NA,NA,NA,NA,NA
"Nymphaea rubra",NA,NA,NA,NA,NA,NA,NA,NA,NA
"Nymphaea rudgeana",NA,NA,NA,NA,NA,NA,NA,NA,NA
"Nymphoides indica",NA,NA,NA,NA,NA,NA,NA,NA,NA
"Ocimum americanum",NA,NA,NA,NA,NA,NA,NA,NA,NA
"Ocimum basilicum",NA,NA,NA,NA,NA,NA,NA,NA,NA
"Ocimum gratissimum",NA,NA,NA,NA,NA,NA,NA,NA,NA
"Oenothera glazioviana",NA,NA,NA,NA,NA,NA,NA,NA,NA
"Oenothera rosea",NA,NA,NA,NA,NA,NA,NA,NA,NA
"Oenothera stricta",NA,NA,NA,NA,NA,NA,NA,NA,NA
"Olax subscorpioidea",NA,NA,NA,NA,NA,NA,NA,NA,NA
"Oldenlandia",NA,NA,NA,NA,NA,NA,NA,NA,NA
"Oldenlandia affinis",NA,NA,NA,NA,NA,NA,NA,NA,NA
"Oldenlandia capensis",NA,NA,NA,NA,NA,NA,NA,NA,NA
"Oldenlandia corymbosa",NA,NA,NA,NA,NA,NA,NA,NA,NA
"Oldenlandia herbacea",NA,NA,NA,NA,NA,NA,NA,NA,NA
"Oldenlandia lancifolia",NA,NA,NA,NA,NA,NA,NA,NA,NA
"Olyra latifolia",NA,NA,NA,NA,NA,NA,NA,NA,NA
"Operculina turpethum",NA,NA,NA,NA,NA,NA,NA,NA,NA
"Ophioglossum reticulatum",NA,NA,NA,NA,NA,NA,NA,NA,NA
"Ophiopogon japonicus",NA,NA,NA,NA,NA,NA,NA,NA,NA
"Oplismenus burmanni",NA,NA,NA,NA,NA,NA,NA,NA,NA
"Oplismenus hirtellus",NA,NA,NA,NA,NA,NA,NA,NA,NA
"Ormocarpum sennoides",NA,NA,NA,NA,NA,NA,NA,NA,NA
"Oryza barthii",NA,NA,NA,NA,NA,NA,NA,NA,NA
"Oryza longistaminata",NA,NA,NA,NA,NA,NA,NA,NA,NA
"Oryza sativa",NA,NA,NA,NA,NA,NA,NA,NA,NA
"Ouret lanata",NA,NA,NA,NA,NA,NA,NA,NA,NA
"Oxalis barrelieri",NA,NA,NA,NA,NA,NA,NA,NA,NA
"Oxalis corniculata","Oxalis corniculata l.","Enclosed",0.2,0.22,"Seed","Explosive release mechanism",0.53,0.32,NA
"Oxalis debilis",NA,NA,NA,NA,NA,NA,NA,NA,NA
"Oxalis latifolia",NA,NA,NA,NA,NA,NA,NA,NA,NA
"Oxalis tetraphylla",NA,NA,NA,NA,NA,NA,NA,NA,NA
"Oxyanthus formosus",NA,NA,NA,NA,NA,NA,NA,NA,NA
"Oxyanthus racemosus",NA,NA,NA,NA,NA,NA,NA,NA,NA
"Oxyanthus unilocularis",NA,NA,NA,NA,NA,NA,NA,NA,NA
"Oxygonum sinuatum",NA,NA,NA,NA,NA,NA,NA,NA,NA
"Paederia",NA,NA,NA,NA,NA,NA,NA,NA,NA
"Paederia farinosa farinosa",NA,NA,NA,NA,NA,NA,NA,NA,NA
"Paederia foetida",NA,NA,NA,NA,NA,NA,NA,NA,NA
"Palhinhaea cernua",NA,NA,NA,NA,NA,NA,NA,NA,NA
"Palisota hirsuta",NA,NA,NA,NA,NA,NA,NA,NA,NA
"Pancratium trianthum",NA,NA,NA,NA,NA,NA,NA,NA,NA
"Pandiaka angustifolia",NA,NA,NA,NA,NA,NA,NA,NA,NA
"Panicum",NA,NA,NA,NA,NA,NA,NA,NA,NA
"Panicum brevifolium",NA,NA,NA,NA,NA,NA,NA,NA,NA
"Panicum luridum",NA,NA,NA,NA,NA,NA,NA,NA,NA
"Panicum pansum",NA,NA,NA,NA,NA,NA,NA,NA,NA
"Panicum repens",NA,NA,NA,NA,NA,NA,NA,NA,NA
"Panicum subalbidum",NA,NA,NA,NA,NA,NA,NA,NA,NA
"Panicum sumatrense",NA,NA,NA,NA,NA,NA,NA,NA,NA
"Panicum trichocladum",NA,NA,NA,NA,NA,NA,NA,NA,NA
"Panicum voeltzkowii",NA,NA,NA,NA,NA,NA,NA,NA,NA
"Paramollugo nudicaulis",NA,NA,NA,NA,NA,NA,NA,NA,NA
"Parinari",NA,NA,NA,NA,NA,NA,NA,NA,NA
"Parkia biglobosa",NA,NA,NA,NA,NA,NA,NA,NA,NA
"Parkinsonia aculeata",NA,NA,NA,NA,NA,NA,NA,NA,NA
"Parthenium hysterophorus",NA,NA,NA,NA,NA,NA,NA,NA,NA
"Paspalum",NA,NA,NA,NA,NA,NA,NA,NA,NA
"Paspalum conjugatum",NA,NA,NA,NA,NA,NA,NA,NA,NA
"Paspalum dilatatum",NA,NA,NA,NA,NA,NA,NA,NA,NA
"Paspalum distichum",NA,NA,NA,NA,NA,NA,NA,NA,NA
"Paspalum melanospermum",NA,NA,NA,NA,NA,NA,NA,NA,NA
"Paspalum millegranum",NA,NA,NA,NA,NA,NA,NA,NA,NA
"Paspalum notatum",NA,NA,NA,NA,NA,NA,NA,NA,NA
"Paspalum nutans",NA,NA,NA,NA,NA,NA,NA,NA,NA
"Paspalum paniculatum",NA,NA,NA,NA,NA,NA,NA,NA,NA
"Paspalum plicatulum",NA,NA,NA,NA,NA,NA,NA,NA,NA
"Paspalum scrobiculatum",NA,NA,NA,NA,NA,NA,NA,NA,NA
"Paspalum urvillei",NA,NA,NA,NA,NA,NA,NA,NA,NA
"Paspalum vaginatum",NA,NA,NA,NA,NA,NA,NA,NA,NA
"Paspalum virgatum",NA,NA,NA,NA,NA,NA,NA,NA,NA
"Passiflora coccinea",NA,NA,NA,NA,NA,NA,NA,NA,NA
"Passiflora edulis",NA,NA,NA,NA,NA,NA,NA,NA,NA
"Passiflora foetida",NA,NA,NA,NA,NA,NA,NA,NA,NA
"Passiflora suberosa",NA,NA,NA,NA,NA,NA,NA,NA,NA
"Passovia pyrifolia",NA,NA,NA,NA,NA,NA,NA,NA,NA
"Paullinia pinnata",NA,NA,NA,NA,NA,NA,NA,NA,NA
"Pavonia senegalensis",NA,NA,NA,NA,NA,NA,NA,NA,NA
"Pellaea doniana",NA,NA,NA,NA,NA,NA,NA,NA,NA
"Pentas lanceolata",NA,NA,NA,NA,NA,NA,NA,NA,NA
"Pentodon pentandrus",NA,NA,NA,NA,NA,NA,NA,NA,NA
"Peperomia pellucida",NA,NA,NA,NA,NA,NA,NA,NA,NA
"Pergularia daemia",NA,NA,NA,NA,NA,NA,NA,NA,NA
"Perotis",NA,NA,NA,NA,NA,NA,NA,NA,NA
"Perotis indica",NA,NA,NA,NA,NA,NA,NA,NA,NA
"Perotis patens",NA,NA,NA,NA,NA,NA,NA,NA,NA
"Persea americana",NA,NA,NA,NA,NA,NA,NA,NA,NA
"Persicaria",NA,NA,NA,NA,NA,NA,NA,NA,NA
"Persicaria chinensis",NA,NA,NA,NA,NA,NA,NA,NA,NA
"Persicaria decipiens",NA,NA,NA,NA,NA,NA,NA,NA,NA
"Persicaria ferruginea",NA,NA,NA,NA,NA,NA,NA,NA,NA
"Persicaria senegalensis",NA,NA,NA,NA,NA,NA,NA,NA,NA
"Phalaris arundinacea","Phalaris arundinacea l.","Covered partly",0.57,NA,"Fruit","Non-fleshy fruit",0.7,0.84,0.89
"Phaseolus vulgaris",NA,NA,NA,NA,NA,NA,NA,NA,NA
"Phaulopsis ciliata",NA,NA,NA,NA,NA,NA,NA,NA,NA
"Phaulopsis imbricata",NA,NA,NA,NA,NA,NA,NA,NA,NA
"Phaulopsis verticillaris",NA,NA,NA,NA,NA,NA,NA,NA,NA
"Philenoptera cyanescens",NA,NA,NA,NA,NA,NA,NA,NA,NA
"Phragmites australis","Phragmites australis (cav.) trin. ex steud.","Covered partly",NA,0.1,"Fruit","Non-fleshy fruit",0.98,0.89,0.86
"Phyllanthus",NA,NA,NA,NA,NA,NA,NA,NA,NA
"Phyllanthus amarus",NA,NA,NA,NA,NA,NA,NA,NA,NA
"Phyllanthus debilis",NA,NA,NA,NA,NA,NA,NA,NA,NA
"Phyllanthus maderaspatensis",NA,NA,NA,NA,NA,NA,NA,NA,NA
"Phyllanthus muellerianus",NA,NA,NA,NA,NA,NA,NA,NA,NA
"Phyllanthus niruri",NA,NA,NA,NA,NA,NA,NA,NA,NA
"Phyllanthus niruroides",NA,NA,NA,NA,NA,NA,NA,NA,NA
"Phyllanthus odontadenius",NA,NA,NA,NA,NA,NA,NA,NA,NA
"Phyllanthus pentandrus",NA,NA,NA,NA,NA,NA,NA,NA,NA
"Phyllanthus reticulatus",NA,NA,NA,NA,NA,NA,NA,NA,NA
"Phyllanthus sublanatus",NA,NA,NA,NA,NA,NA,NA,NA,NA
"Phyllanthus tenellus",NA,NA,NA,NA,NA,NA,NA,NA,NA
"Phyllanthus urinaria",NA,NA,NA,NA,NA,NA,NA,NA,NA
"Phyllocosmus africanus",NA,NA,NA,NA,NA,NA,NA,NA,NA
"Physalis angulata",NA,NA,NA,NA,NA,NA,NA,NA,NA
"Physalis lagascae",NA,NA,NA,NA,NA,NA,NA,NA,NA
"Phytolacca americana",NA,NA,NA,NA,NA,NA,NA,NA,NA
"Pigea enneasperma",NA,NA,NA,NA,NA,NA,NA,NA,NA
"Pilea microphylla",NA,NA,NA,NA,NA,NA,NA,NA,NA
"Piliostigma",NA,NA,NA,NA,NA,NA,NA,NA,NA
"Piliostigma reticulatum",NA,NA,NA,NA,NA,NA,NA,NA,NA
"Piliostigma thonningii",NA,NA,NA,NA,NA,NA,NA,NA,NA
"Piper dilatatum",NA,NA,NA,NA,NA,NA,NA,NA,NA
"Piper umbellatum",NA,NA,NA,NA,NA,NA,NA,NA,NA
"Piriqueta cistoides",NA,NA,NA,NA,NA,NA,NA,NA,NA
"Piriqueta viscosa",NA,NA,NA,NA,NA,NA,NA,NA,NA
"Pistia stratiotes",NA,NA,NA,NA,NA,NA,NA,NA,NA
"Pithecellobium dulce",NA,NA,NA,NA,NA,NA,NA,NA,NA
"Pityrogramma calomelanos",NA,NA,NA,NA,NA,NA,NA,NA,NA
"Plantago lanceolata","Plantago lanceolata l.","Enclosed",NA,1.650077,"Seed","Fruit with lateral aperture",0.24,0.18,0.17
"Plantago major","Plantago major ssp. major","Enclosed",NA,0.2685,"Seed","Fruit with lateral aperture",0.63,0.3,NA
"Platostoma africanum",NA,NA,NA,NA,NA,NA,NA,NA,NA
"Pleioceras barteri",NA,NA,NA,NA,NA,NA,NA,NA,NA
"Pleurolobus gangeticus",NA,NA,NA,NA,NA,NA,NA,NA,NA
"Pleurolobus salicifolius",NA,NA,NA,NA,NA,NA,NA,NA,NA
"Poa annua","Poa annua l.","Covered partly",0.62,0.31,"Fruit","Non-fleshy fruit",0.62,0.82,NA
"Polhillides velutina",NA,NA,NA,NA,NA,NA,NA,NA,NA
"Polycarpaea corymbosa",NA,NA,NA,NA,NA,NA,NA,NA,NA
"Polycarpaea eriantha",NA,NA,NA,NA,NA,NA,NA,NA,NA
"Polycarpaea eriantha effusa",NA,NA,NA,NA,NA,NA,NA,NA,NA
"Polygala arenaria",NA,NA,NA,NA,NA,NA,NA,NA,NA
"Polygala multiflora",NA,NA,NA,NA,NA,NA,NA,NA,NA
"Polygala paniculata",NA,NA,NA,NA,NA,NA,NA,NA,NA
"Polygala petitiana",NA,NA,NA,NA,NA,NA,NA,NA,NA
"Polyscias",NA,NA,NA,NA,NA,NA,NA,NA,NA
"Polyscias fruticosa",NA,NA,NA,NA,NA,NA,NA,NA,NA
"Polytrichum formosum",NA,NA,NA,NA,NA,NA,NA,NA,NA
"Pontederia azurea",NA,NA,NA,NA,NA,NA,NA,NA,NA
"Pontederia crassipes",NA,NA,NA,NA,NA,NA,NA,NA,NA
"Pontederia natans",NA,NA,NA,NA,NA,NA,NA,NA,NA
"Porophyllum ruderale",NA,NA,NA,NA,NA,NA,NA,NA,NA
"Portulaca grandiflora",NA,NA,NA,NA,NA,NA,NA,NA,NA
"Portulaca oleracea","Portulaca oleracea l.","Enclosed",NA,0.325,"Seed","Fruit with lateral aperture",0.28,0.29,NA
"Portulaca quadrifida",NA,NA,NA,NA,NA,NA,NA,NA,NA
"Potamogeton octandrus",NA,NA,NA,NA,NA,NA,NA,NA,NA
"Potentilla indica",NA,NA,NA,NA,NA,NA,NA,NA,NA
"Pouzolzia guineensis",NA,NA,NA,NA,NA,NA,NA,NA,NA
"Premna angolensis",NA,NA,NA,NA,NA,NA,NA,NA,NA
"Premna quadrifolia",NA,NA,NA,NA,NA,NA,NA,NA,NA
"Priva lappulacea",NA,NA,NA,NA,NA,NA,NA,NA,NA
"Prosopis africana",NA,NA,NA,NA,NA,NA,NA,NA,NA
"Prunella vulgaris","Prunella vulgaris l.","Covered partly",NA,0.68075,"Fruit segment","Non-fleshy fruit",0.37,0.5,0.16
"Pseudoconyza viscosa",NA,NA,NA,NA,NA,NA,NA,NA,NA
"Psidium cattleianum",NA,NA,NA,NA,NA,NA,NA,NA,NA
"Psidium guajava",NA,NA,NA,NA,NA,NA,NA,NA,NA
"Psychotria calva",NA,NA,NA,NA,NA,NA,NA,NA,NA
"Psychotria schweinfurthii",NA,NA,NA,NA,NA,NA,NA,NA,NA
"Pteridium aquilinum",NA,NA,NA,NA,NA,NA,NA,NA,NA
"Pteris atrovirens",NA,NA,NA,NA,NA,NA,NA,NA,NA
"Pteris hamulosa",NA,NA,NA,NA,NA,NA,NA,NA,NA
"Pterocarpus erinaceus",NA,NA,NA,NA,NA,NA,NA,NA,NA
"Pterocarpus indicus",NA,NA,NA,NA,NA,NA,NA,NA,NA
"Pterolepis glomerata",NA,NA,NA,NA,NA,NA,NA,NA,NA
"Pulicaria undulata",NA,NA,NA,NA,NA,NA,NA,NA,NA
"Pupalia lappacea",NA,NA,NA,NA,NA,NA,NA,NA,NA
"Pyrenacantha macrocarpa",NA,NA,NA,NA,NA,NA,NA,NA,NA
"Ranunculus sericeus",NA,NA,NA,NA,NA,NA,NA,NA,NA
"Raphanus raphanistrum","Raphanus raphanistrum agg.","Exposed",2.5,27.137333,"Fruit segment","Non-fleshy fruit",0.04,0.13,NA
"Rauvolfia vomitoria",NA,NA,NA,NA,NA,NA,NA,NA,NA
"Reissantia indica",NA,NA,NA,NA,NA,NA,NA,NA,NA
"Rhamphicarpa fistulosa",NA,NA,NA,NA,NA,NA,NA,NA,NA
"Rhynchosia",NA,NA,NA,NA,NA,NA,NA,NA,NA
"Rhynchosia buettneri",NA,NA,NA,NA,NA,NA,NA,NA,NA
"Rhynchosia malacophylla",NA,NA,NA,NA,NA,NA,NA,NA,NA
"Rhynchosia minima",NA,NA,NA,NA,NA,NA,NA,NA,NA
"Rhynchosia nyasica",NA,NA,NA,NA,NA,NA,NA,NA,NA
"Rhynchosia viscosa",NA,NA,NA,NA,NA,NA,NA,NA,NA
"Rhynchosia viscosa breviracemosa",NA,NA,NA,NA,NA,NA,NA,NA,NA
"Rhynchospora corymbosa",NA,NA,NA,NA,NA,NA,NA,NA,NA
"Rhynchospora holoschoenoides",NA,NA,NA,NA,NA,NA,NA,NA,NA
"Rhynchospora marisculus",NA,NA,NA,NA,NA,NA,NA,NA,NA
"Rhynchospora pura",NA,NA,NA,NA,NA,NA,NA,NA,NA
"Richardia brasiliensis",NA,NA,NA,NA,NA,NA,NA,NA,NA
"Richardia scabra",NA,NA,NA,NA,NA,NA,NA,NA,NA
"Ricinodendron heudelotii",NA,NA,NA,NA,NA,NA,NA,NA,NA
"Ricinus communis",NA,NA,NA,NA,NA,NA,NA,NA,NA
"Rinorea welwitschii welwitschii",NA,NA,NA,NA,NA,NA,NA,NA,NA
"Rolandra fruticosa",NA,NA,NA,NA,NA,NA,NA,NA,NA
"Rorippa",NA,NA,NA,NA,NA,NA,NA,NA,NA
"Rotheca violacea",NA,NA,NA,NA,NA,NA,NA,NA,NA
"Rothia hirsuta",NA,NA,NA,NA,NA,NA,NA,NA,NA
"Rothmannia longiflora",NA,NA,NA,NA,NA,NA,NA,NA,NA
"Rothmannia munsae megalostigma",NA,NA,NA,NA,NA,NA,NA,NA,NA
"Rottboellia cochinchinensis",NA,NA,NA,NA,NA,NA,NA,NA,NA
"Rourea coccinea",NA,NA,NA,NA,NA,NA,NA,NA,NA
"Rubus",NA,NA,NA,NA,NA,NA,NA,NA,NA
"Rubus alceifolius",NA,NA,NA,NA,NA,NA,NA,NA,NA
"Rubus apetalus",NA,NA,NA,NA,NA,NA,NA,NA,NA
"Rubus fraxinifolius",NA,NA,NA,NA,NA,NA,NA,NA,NA
"Rubus rosifolius",NA,NA,NA,NA,NA,NA,NA,NA,NA
"Rubus tonkinensis",NA,NA,NA,NA,NA,NA,NA,NA,NA
"Ruellia blechum",NA,NA,NA,NA,NA,NA,NA,NA,NA
"Ruellia togoensis",NA,NA,NA,NA,NA,NA,NA,NA,NA
"Rugoloa pilosa",NA,NA,NA,NA,NA,NA,NA,NA,NA
"Rumex","Rumex acetosella s.l. l._Rumex acetosella ssp. acetosella_Rumex acetosella var. tenuifolius wallr._Rumex crispus l.","Exposed",NA,0.713,"Fruit","Non-fleshy fruit",0.62,0.485,0.805
"Rumex abyssinicus",NA,NA,NA,NA,NA,NA,NA,NA,NA
"Rumex acetosella angiocarpus","Rumex acetosella s.l. l._Rumex acetosella ssp. acetosella_Rumex acetosella var. tenuifolius wallr.","Exposed",NA,0.485,"Fruit","Non-fleshy fruit",0.55,0.69,0.72
"Rumex brownii",NA,NA,NA,NA,NA,NA,NA,NA,NA
"Rumex crispus","Rumex crispus l.","Exposed",NA,0.941,"Fruit","Non-fleshy fruit",0.69,0.28,0.89
"Ruthalicia eglandulosa",NA,NA,NA,NA,NA,NA,NA,NA,NA
"Ruthalicia longipes",NA,NA,NA,NA,NA,NA,NA,NA,NA
"Rytigynia canthioides",NA,NA,NA,NA,NA,NA,NA,NA,NA
"Rytigynia umbellulata",NA,NA,NA,NA,NA,NA,NA,NA,NA
"Sabicea calycina",NA,NA,NA,NA,NA,NA,NA,NA,NA
"Sabicea discolor",NA,NA,NA,NA,NA,NA,NA,NA,NA
"Sabicea vogelii",NA,NA,NA,NA,NA,NA,NA,NA,NA
"Saccharum officinarum",NA,NA,NA,NA,NA,NA,NA,NA,NA
"Sacciolepis africana",NA,NA,NA,NA,NA,NA,NA,NA,NA
"Sacciolepis cymbiandra",NA,NA,NA,NA,NA,NA,NA,NA,NA
"Sacciolepis indica",NA,NA,NA,NA,NA,NA,NA,NA,NA
"Sacciolepis striata",NA,NA,NA,NA,NA,NA,NA,NA,NA
"Sagittaria guayanensis",NA,NA,NA,NA,NA,NA,NA,NA,NA
"Salacia nitida",NA,NA,NA,NA,NA,NA,NA,NA,NA
"Salacia pallescens",NA,NA,NA,NA,NA,NA,NA,NA,NA
"Salomonia",NA,NA,NA,NA,NA,NA,NA,NA,NA
"Salvadora persica",NA,NA,NA,NA,NA,NA,NA,NA,NA
"Salvia rosmarinus",NA,NA,NA,NA,NA,NA,NA,NA,NA
"Salvinia",NA,NA,NA,NA,NA,NA,NA,NA,NA
"Salvinia auriculata",NA,NA,NA,NA,NA,NA,NA,NA,NA
"Salvinia nymphellula",NA,NA,NA,NA,NA,NA,NA,NA,NA
"Samanea saman",NA,NA,NA,NA,NA,NA,NA,NA,NA
"Sauvagesia erecta",NA,NA,NA,NA,NA,NA,NA,NA,NA
"Scadoxus multiflorus",NA,NA,NA,NA,NA,NA,NA,NA,NA
"Scepocarpus keayi",NA,NA,NA,NA,NA,NA,NA,NA,NA
"Schinus terebinthifolia",NA,NA,NA,NA,NA,NA,NA,NA,NA
"Schizachyrium",NA,NA,NA,NA,NA,NA,NA,NA,NA
"Schizachyrium exile",NA,NA,NA,NA,NA,NA,NA,NA,NA
"Schizachyrium platyphyllum",NA,NA,NA,NA,NA,NA,NA,NA,NA
"Schoenoplectiella mucronata",NA,NA,NA,NA,NA,NA,NA,NA,NA
"Schoenoplectiella senegalensis",NA,NA,NA,NA,NA,NA,NA,NA,NA
"Schwenckia americana",NA,NA,NA,NA,NA,NA,NA,NA,NA
"Scleria boivinii",NA,NA,NA,NA,NA,NA,NA,NA,NA
"Scleria cyperina",NA,NA,NA,NA,NA,NA,NA,NA,NA
"Scleria depressa",NA,NA,NA,NA,NA,NA,NA,NA,NA
"Scleria gaertneri",NA,NA,NA,NA,NA,NA,NA,NA,NA
"Scleria pergracilis",NA,NA,NA,NA,NA,NA,NA,NA,NA
"Scleromitrion diffusum",NA,NA,NA,NA,NA,NA,NA,NA,NA
"Scleromitrion tenelliflorum",NA,NA,NA,NA,NA,NA,NA,NA,NA
"Scoparia dulcis",NA,NA,NA,NA,NA,NA,NA,NA,NA
"Secamone afzelii",NA,NA,NA,NA,NA,NA,NA,NA,NA
"Secamone punctulata",NA,NA,NA,NA,NA,NA,NA,NA,NA
"Sechium edule",NA,NA,NA,NA,NA,NA,NA,NA,NA
"Securidaca longepedunculata",NA,NA,NA,NA,NA,NA,NA,NA,NA
"Senegalia pentagona",NA,NA,NA,NA,NA,NA,NA,NA,NA
"Senna",NA,NA,NA,NA,NA,NA,NA,NA,NA
"Senna alata",NA,NA,NA,NA,NA,NA,NA,NA,NA
"Senna hirsuta",NA,NA,NA,NA,NA,NA,NA,NA,NA
"Senna obtusifolia",NA,NA,NA,NA,NA,NA,NA,NA,NA
"Senna occidentalis",NA,NA,NA,NA,NA,NA,NA,NA,NA
"Senna siamea",NA,NA,NA,NA,NA,NA,NA,NA,NA
"Senna tora",NA,NA,NA,NA,NA,NA,NA,NA,NA
"Sesamum indicum",NA,NA,NA,NA,NA,NA,NA,NA,NA
"Sesamum radiatum",NA,NA,NA,NA,NA,NA,NA,NA,NA
"Sesamum sesamoides",NA,NA,NA,NA,NA,NA,NA,NA,NA
"Sesbania",NA,NA,NA,NA,NA,NA,NA,NA,NA
"Sesbania bispinosa",NA,NA,NA,NA,NA,NA,NA,NA,NA
"Sesbania cannabina",NA,NA,NA,NA,NA,NA,NA,NA,NA
"Sesbania herbacea",NA,NA,NA,NA,NA,NA,NA,NA,NA
"Sesbania microphylla",NA,NA,NA,NA,NA,NA,NA,NA,NA
"Sesbania pachycarpa",NA,NA,NA,NA,NA,NA,NA,NA,NA
"Sesbania rostrata",NA,NA,NA,NA,NA,NA,NA,NA,NA
"Sesbania sericea",NA,NA,NA,NA,NA,NA,NA,NA,NA
"Sesbania sesban",NA,NA,NA,NA,NA,NA,NA,NA,NA
"Sesbania sesban punctata",NA,NA,NA,NA,NA,NA,NA,NA,NA
"Sesbania sudanica",NA,NA,NA,NA,NA,NA,NA,NA,NA
"Sesuvium portulacastrum",NA,NA,NA,NA,NA,NA,NA,NA,NA
"Setaria","Setaria pumila (poir.) roem. & schult._Setaria verticillata (l.) p. beauv._Setaria viridis (l.) p. beauv.","Covered partly",1.13,0.9,"Fruit","Non-fleshy fruit",0.456666666666667,0.2,0.38
"Setaria barbata",NA,NA,NA,NA,NA,NA,NA,NA,NA
"Setaria geminata",NA,NA,NA,NA,NA,NA,NA,NA,NA
"Setaria longiseta",NA,NA,NA,NA,NA,NA,NA,NA,NA
"Setaria megaphylla",NA,NA,NA,NA,NA,NA,NA,NA,NA
"Setaria palmifolia",NA,NA,NA,NA,NA,NA,NA,NA,NA
"Setaria pumila","Setaria pumila (poir.) roem. & schult.","Covered partly",1.38,NA,"Fruit","Non-fleshy fruit",0.4,NA,0.29
"Setaria sphacelata",NA,NA,NA,NA,NA,NA,NA,NA,NA
"Setaria verticillata","Setaria verticillata (l.) p. beauv.","Covered partly",NA,NA,"Fruit","Non-fleshy fruit",0.55,0.2,0.42
"Setaria viridis","Setaria viridis (l.) p. beauv.","Covered partly",0.88,0.9,"Fruit","Non-fleshy fruit",0.42,0.2,0.43
"Sicyos angulatus",NA,NA,NA,NA,NA,NA,NA,NA,NA
"Sida",NA,NA,NA,NA,NA,NA,NA,NA,NA
"Sida acuta",NA,NA,NA,NA,NA,NA,NA,NA,NA
"Sida alba",NA,NA,NA,NA,NA,NA,NA,NA,NA
"Sida alnifolia",NA,NA,NA,NA,NA,NA,NA,NA,NA
"Sida cordata",NA,NA,NA,NA,NA,NA,NA,NA,NA
"Sida cordifolia",NA,NA,NA,NA,NA,NA,NA,NA,NA
"Sida glabra",NA,NA,NA,NA,NA,NA,NA,NA,NA
"Sida glutinosa",NA,NA,NA,NA,NA,NA,NA,NA,NA
"Sida hyssopifolia",NA,NA,NA,NA,NA,NA,NA,NA,NA
"Sida linifolia",NA,NA,NA,NA,NA,NA,NA,NA,NA
"Sida ovata",NA,NA,NA,NA,NA,NA,NA,NA,NA
"Sida rhombifolia",NA,NA,NA,NA,NA,NA,NA,NA,NA
"Sida spinosa",NA,NA,NA,NA,NA,NA,NA,NA,NA
"Sida ulmifolia",NA,NA,NA,NA,NA,NA,NA,NA,NA
"Sida urens",NA,NA,NA,NA,NA,NA,NA,NA,NA
"Sieruela coeruleorosea",NA,NA,NA,NA,NA,NA,NA,NA,NA
"Sieruela hirta",NA,NA,NA,NA,NA,NA,NA,NA,NA
"Sieruela monophylla",NA,NA,NA,NA,NA,NA,NA,NA,NA
"Sieruela rutidosperma",NA,NA,NA,NA,NA,NA,NA,NA,NA
"Sigesbeckia orientalis",NA,NA,NA,NA,NA,NA,NA,NA,NA
"Siphonochilus aethiopicus",NA,NA,NA,NA,NA,NA,NA,NA,NA
"Sisyrinchium micranthum",NA,NA,NA,NA,NA,NA,NA,NA,NA
"Smilax",NA,NA,NA,NA,NA,NA,NA,NA,NA
"Smilax anceps",NA,NA,NA,NA,NA,NA,NA,NA,NA
"Solanum",NA,NA,NA,NA,NA,NA,NA,NA,NA
"Solanum americanum",NA,NA,NA,NA,NA,NA,NA,NA,NA
"Solanum anguivi",NA,NA,NA,NA,NA,NA,NA,NA,NA
"Solanum cerasiferum",NA,NA,NA,NA,NA,NA,NA,NA,NA
"Solanum donianum",NA,NA,NA,NA,NA,NA,NA,NA,NA
"Solanum erianthum",NA,NA,NA,NA,NA,NA,NA,NA,NA
"Solanum lycopersicum",NA,NA,NA,NA,NA,NA,NA,NA,NA
"Solanum mauritianum",NA,NA,NA,NA,NA,NA,NA,NA,NA
"Solanum melongena",NA,NA,NA,NA,NA,NA,NA,NA,NA
"Solanum nigrum",NA,NA,NA,NA,NA,NA,NA,NA,NA
"Solanum seaforthianum",NA,NA,NA,NA,NA,NA,NA,NA,NA
"Solanum subinerme",NA,NA,NA,NA,NA,NA,NA,NA,NA
"Solanum torvum",NA,NA,NA,NA,NA,NA,NA,NA,NA
"Solanum violaceum",NA,NA,NA,NA,NA,NA,NA,NA,NA
"Sonchus asper","Sonchus asper (l.) hill","Exposed",NA,0.2836,"Fruit","Non-fleshy fruit",0.96,1,0.89
"Sonchus oleraceus","Sonchus oleraceus l.","Exposed",NA,0.383,"Fruit","Non-fleshy fruit",0.96,0.99,NA
"Sopubia parviflora",NA,NA,NA,NA,NA,NA,NA,NA,NA
"Sorghum","Sorghum halepense (l.) pers.","Covered partly",NA,NA,"Fruit","Non-fleshy fruit",0.35,NA,0.77
"Sorghum arundinaceum",NA,NA,NA,NA,NA,NA,NA,NA,NA
"Sorghum bicolor",NA,NA,NA,NA,NA,NA,NA,NA,NA
"Sorghum halepense","Sorghum halepense (l.) pers.","Covered partly",NA,NA,"Fruit","Non-fleshy fruit",0.35,NA,0.77
"Spathodea campanulata",NA,NA,NA,NA,NA,NA,NA,NA,NA
"Spergula arvensis","Spergula arvensis l.","Enclosed",NA,0.435,"Seed","Fruit with upright aperture",NA,0.13,NA
"Spermacoce",NA,NA,NA,NA,NA,NA,NA,NA,NA
"Spermacoce alata",NA,NA,NA,NA,NA,NA,NA,NA,NA
"Spermacoce chaetocephala",NA,NA,NA,NA,NA,NA,NA,NA,NA
"Spermacoce confusa",NA,NA,NA,NA,NA,NA,NA,NA,NA
"Spermacoce filifolia",NA,NA,NA,NA,NA,NA,NA,NA,NA
"Spermacoce intricans",NA,NA,NA,NA,NA,NA,NA,NA,NA
"Spermacoce ocymoides",NA,NA,NA,NA,NA,NA,NA,NA,NA
"Spermacoce pusilla",NA,NA,NA,NA,NA,NA,NA,NA,NA
"Spermacoce radiata",NA,NA,NA,NA,NA,NA,NA,NA,NA
"Spermacoce ruelliae",NA,NA,NA,NA,NA,NA,NA,NA,NA
"Spermacoce stachydea",NA,NA,NA,NA,NA,NA,NA,NA,NA
"Spermacoce tenuior",NA,NA,NA,NA,NA,NA,NA,NA,NA
"Spermacoce verticillata",NA,NA,NA,NA,NA,NA,NA,NA,NA
"Sphaeranthus flexuosus",NA,NA,NA,NA,NA,NA,NA,NA,NA
"Sphaeranthus senegalensis",NA,NA,NA,NA,NA,NA,NA,NA,NA
"Sphaeropteris cooperi",NA,NA,NA,NA,NA,NA,NA,NA,NA
"Sphagneticola trilobata",NA,NA,NA,NA,NA,NA,NA,NA,NA
"Sphenocentrum jollyanum",NA,NA,NA,NA,NA,NA,NA,NA,NA
"Sphenoclea zeylanica",NA,NA,NA,NA,NA,NA,NA,NA,NA
"Spigelia anthelmia",NA,NA,NA,NA,NA,NA,NA,NA,NA
"Spilanthes",NA,NA,NA,NA,NA,NA,NA,NA,NA
"Spilanthes costata",NA,NA,NA,NA,NA,NA,NA,NA,NA
"Spilanthes urens",NA,NA,NA,NA,NA,NA,NA,NA,NA
"Spirodela polyrhiza","Spirodela polyrhiza (l.) schleid.","Not applicable",NA,NA,"Specialized vegetative part","Not applicable",NA,NA,NA
"Spondias mombin",NA,NA,NA,NA,NA,NA,NA,NA,NA
"Sporobolus",NA,NA,NA,NA,NA,NA,NA,NA,NA
"Sporobolus africanus",NA,NA,NA,NA,NA,NA,NA,NA,NA
"Sporobolus cordofanus",NA,NA,NA,NA,NA,NA,NA,NA,NA
"Sporobolus festivus",NA,NA,NA,NA,NA,NA,NA,NA,NA
"Sporobolus indicus",NA,NA,NA,NA,NA,NA,NA,NA,NA
"Sporobolus microprotus",NA,NA,NA,NA,NA,NA,NA,NA,NA
"Sporobolus paniculatus",NA,NA,NA,NA,NA,NA,NA,NA,NA
"Sporobolus pyramidalis",NA,NA,NA,NA,NA,NA,NA,NA,NA
"Sporobolus robustus",NA,NA,NA,NA,NA,NA,NA,NA,NA
"Stachytarpheta cayennensis",NA,NA,NA,NA,NA,NA,NA,NA,NA
"Stachytarpheta indica",NA,NA,NA,NA,NA,NA,NA,NA,NA
"Stachytarpheta jamaicensis",NA,NA,NA,NA,NA,NA,NA,NA,NA
"Stachytarpheta urticifolia",NA,NA,NA,NA,NA,NA,NA,NA,NA
"Steinchisma laxum",NA,NA,NA,NA,NA,NA,NA,NA,NA
"Stellaria media","Stellaria media agg.","Enclosed",0.6,0.385267,"Seed","Fruit with upright aperture",0.5,0.34,0.15
"Stemodia verticillata",NA,NA,NA,NA,NA,NA,NA,NA,NA
"Stenotaphrum",NA,NA,NA,NA,NA,NA,NA,NA,NA
"Stenotaphrum dimidiatum",NA,NA,NA,NA,NA,NA,NA,NA,NA
"Stephania",NA,NA,NA,NA,NA,NA,NA,NA,NA
"Stephostachys mertensii",NA,NA,NA,NA,NA,NA,NA,NA,NA
"Sterculia setigera",NA,NA,NA,NA,NA,NA,NA,NA,NA
"Sterculia tragacantha",NA,NA,NA,NA,NA,NA,NA,NA,NA
"Stigmaphyllon sinuatum",NA,NA,NA,NA,NA,NA,NA,NA,NA
"Striga asiatica",NA,NA,NA,NA,NA,NA,NA,NA,NA
"Striga aspera",NA,NA,NA,NA,NA,NA,NA,NA,NA
"Striga hermonthica",NA,NA,NA,NA,NA,NA,NA,NA,NA
"Strophanthus hispidus",NA,NA,NA,NA,NA,NA,NA,NA,NA
"Strophanthus sarmentosus",NA,NA,NA,NA,NA,NA,NA,NA,NA
"Struchium sparganophorum",NA,NA,NA,NA,NA,NA,NA,NA,NA
"Strychnos spinosa",NA,NA,NA,NA,NA,NA,NA,NA,NA
"Stylochaeton",NA,NA,NA,NA,NA,NA,NA,NA,NA
"Stylochaeton hypogeum",NA,NA,NA,NA,NA,NA,NA,NA,NA
"Stylochaeton lancifolium",NA,NA,NA,NA,NA,NA,NA,NA,NA
"Stylosanthes",NA,NA,NA,NA,NA,NA,NA,NA,NA
"Stylosanthes erecta",NA,NA,NA,NA,NA,NA,NA,NA,NA
"Stylosanthes guianensis",NA,NA,NA,NA,NA,NA,NA,NA,NA
"Symphyotrichum squamatum",NA,NA,NA,NA,NA,NA,NA,NA,NA
"Synedrella nodiflora",NA,NA,NA,NA,NA,NA,NA,NA,NA
"Syzygium samarangense",NA,NA,NA,NA,NA,NA,NA,NA,NA
"Tabebuia pallida",NA,NA,NA,NA,NA,NA,NA,NA,NA
"Tacca leontopetaloides",NA,NA,NA,NA,NA,NA,NA,NA,NA
"Tagetes",NA,NA,NA,NA,NA,NA,NA,NA,NA
"Tagetes erecta",NA,NA,NA,NA,NA,NA,NA,NA,NA
"Talinum",NA,NA,NA,NA,NA,NA,NA,NA,NA
"Talinum fruticosum",NA,NA,NA,NA,NA,NA,NA,NA,NA
"Tamarindus indica",NA,NA,NA,NA,NA,NA,NA,NA,NA
"Tamarix senegalensis",NA,NA,NA,NA,NA,NA,NA,NA,NA
"Taraxacum","Taraxacum  sect. naevosa m. p. christ._Taraxacum  sect. ruderalia kirschner, h. ollg. & stepanek","Exposed",10.1,0.558857,"Fruit","Non-fleshy fruit",0.95,1,0.31
"Tarenaya aculeata",NA,NA,NA,NA,NA,NA,NA,NA,NA
"Tectona grandis",NA,NA,NA,NA,NA,NA,NA,NA,NA
"Telosma africana",NA,NA,NA,NA,NA,NA,NA,NA,NA
"Tephrosia",NA,NA,NA,NA,NA,NA,NA,NA,NA
"Tephrosia bracteolata",NA,NA,NA,NA,NA,NA,NA,NA,NA
"Tephrosia elegans",NA,NA,NA,NA,NA,NA,NA,NA,NA
"Tephrosia flexuosa",NA,NA,NA,NA,NA,NA,NA,NA,NA
"Tephrosia linearis",NA,NA,NA,NA,NA,NA,NA,NA,NA
"Tephrosia noctiflora",NA,NA,NA,NA,NA,NA,NA,NA,NA
"Tephrosia pedicellata",NA,NA,NA,NA,NA,NA,NA,NA,NA
"Tephrosia platycarpa",NA,NA,NA,NA,NA,NA,NA,NA,NA
"Tephrosia purpurea",NA,NA,NA,NA,NA,NA,NA,NA,NA
"Tephrosia vogelii",NA,NA,NA,NA,NA,NA,NA,NA,NA
"Teramnus labialis",NA,NA,NA,NA,NA,NA,NA,NA,NA
"Terminalia",NA,NA,NA,NA,NA,NA,NA,NA,NA
"Terminalia leiocarpa",NA,NA,NA,NA,NA,NA,NA,NA,NA
"Terminalia schimperiana",NA,NA,NA,NA,NA,NA,NA,NA,NA
"Tetracera alnifolia",NA,NA,NA,NA,NA,NA,NA,NA,NA
"Tetradenia riparia",NA,NA,NA,NA,NA,NA,NA,NA,NA
"Tetragonia tetragonioides",NA,NA,NA,NA,NA,NA,NA,NA,NA
"Thalia geniculata",NA,NA,NA,NA,NA,NA,NA,NA,NA
"Thaumatococcus daniellii",NA,NA,NA,NA,NA,NA,NA,NA,NA
"Thelepogon elegans",NA,NA,NA,NA,NA,NA,NA,NA,NA
"Themeda quadrivalvis",NA,NA,NA,NA,NA,NA,NA,NA,NA
"Thunbergia fragrans",NA,NA,NA,NA,NA,NA,NA,NA,NA
"Thysanolaena latifolia",NA,NA,NA,NA,NA,NA,NA,NA,NA
"Tilesia baccata",NA,NA,NA,NA,NA,NA,NA,NA,NA
"Tithonia diversifolia",NA,NA,NA,NA,NA,NA,NA,NA,NA
"Torenia crustacea",NA,NA,NA,NA,NA,NA,NA,NA,NA
"Torenia thouarsii",NA,NA,NA,NA,NA,NA,NA,NA,NA
"Tragia",NA,NA,NA,NA,NA,NA,NA,NA,NA
"Tragia benthamii",NA,NA,NA,NA,NA,NA,NA,NA,NA
"Tragia senegalensis",NA,NA,NA,NA,NA,NA,NA,NA,NA
"Tragia spathulata",NA,NA,NA,NA,NA,NA,NA,NA,NA
"Tragia volubilis",NA,NA,NA,NA,NA,NA,NA,NA,NA
"Tragus","Tragus racemosus (l.) all.","Exposed",0.99,1.422,"Infructescence","Non-fleshy fruit",0.57,0.92,NA
"Tragus berteronianus",NA,NA,NA,NA,NA,NA,NA,NA,NA
"Tragus racemosus","Tragus racemosus (l.) all.","Exposed",0.99,1.422,"Infructescence","Non-fleshy fruit",0.57,0.92,NA
"Trema",NA,NA,NA,NA,NA,NA,NA,NA,NA
"Trema angustifolium",NA,NA,NA,NA,NA,NA,NA,NA,NA
"Trema micranthum",NA,NA,NA,NA,NA,NA,NA,NA,NA
"Trema orientale",NA,NA,NA,NA,NA,NA,NA,NA,NA
"Trianthema portulacastrum",NA,NA,NA,NA,NA,NA,NA,NA,NA
"Tribulus cistoides",NA,NA,NA,NA,NA,NA,NA,NA,NA
"Tribulus terrestris",NA,NA,NA,NA,NA,NA,NA,NA,NA
"Trichanthecium glaucocladum",NA,NA,NA,NA,NA,NA,NA,NA,NA
"Trichilia martineaui",NA,NA,NA,NA,NA,NA,NA,NA,NA
"Trichilia prieuriana",NA,NA,NA,NA,NA,NA,NA,NA,NA
"Trichodesma indicum",NA,NA,NA,NA,NA,NA,NA,NA,NA
"Trichodesma zeylanicum",NA,NA,NA,NA,NA,NA,NA,NA,NA
"Triclicera",NA,NA,NA,NA,NA,NA,NA,NA,NA
"Tricliceras pilosum",NA,NA,NA,NA,NA,NA,NA,NA,NA
"Tridax procumbens",NA,NA,NA,NA,NA,NA,NA,NA,NA
"Trifolium repens","Trifolium repens l.","Enclosed",NA,0.644823,"Seed","Fruit with lateral aperture",0.48,0.23,NA
"Trigastrotheca stricta",NA,NA,NA,NA,NA,NA,NA,NA,NA
"Triplochiton scleroxylon",NA,NA,NA,NA,NA,NA,NA,NA,NA
"Triplophyllum protensum",NA,NA,NA,NA,NA,NA,NA,NA,NA
"Tristemma hirtum",NA,NA,NA,NA,NA,NA,NA,NA,NA
"Tristemma mauritianum",NA,NA,NA,NA,NA,NA,NA,NA,NA
"Triumfetta",NA,NA,NA,NA,NA,NA,NA,NA,NA
"Triumfetta cordifolia",NA,NA,NA,NA,NA,NA,NA,NA,NA
"Triumfetta pentandra",NA,NA,NA,NA,NA,NA,NA,NA,NA
"Triumfetta rhomboidea",NA,NA,NA,NA,NA,NA,NA,NA,NA
"Tropaeolum majus",NA,NA,NA,NA,NA,NA,NA,NA,NA
"Turraea heterophylla",NA,NA,NA,NA,NA,NA,NA,NA,NA
"Typha",NA,NA,NA,NA,NA,NA,NA,NA,NA
"Typha domingensis",NA,NA,NA,NA,NA,NA,NA,NA,NA
"Ulex europaeus","Ulex europaeus l.","Enclosed",1,5.607,"Seed","Fruit with lateral aperture",NA,0.1,NA
"Uraria picta",NA,NA,NA,NA,NA,NA,NA,NA,NA
"Urena lobata",NA,NA,NA,NA,NA,NA,NA,NA,NA
"Urochloa",NA,NA,NA,NA,NA,NA,NA,NA,NA
"Urochloa arrecta",NA,NA,NA,NA,NA,NA,NA,NA,NA
"Urochloa brizantha",NA,NA,NA,NA,NA,NA,NA,NA,NA
"Urochloa comata",NA,NA,NA,NA,NA,NA,NA,NA,NA
"Urochloa deflexa",NA,NA,NA,NA,NA,NA,NA,NA,NA
"Urochloa dictyoneura",NA,NA,NA,NA,NA,NA,NA,NA,NA
"Urochloa distachyoides",NA,NA,NA,NA,NA,NA,NA,NA,NA
"Urochloa distachyos",NA,NA,NA,NA,NA,NA,NA,NA,NA
"Urochloa eminii",NA,NA,NA,NA,NA,NA,NA,NA,NA
"Urochloa fusca",NA,NA,NA,NA,NA,NA,NA,NA,NA
"Urochloa lata",NA,NA,NA,NA,NA,NA,NA,NA,NA
"Urochloa mutica",NA,NA,NA,NA,NA,NA,NA,NA,NA
"Urochloa polystachya",NA,NA,NA,NA,NA,NA,NA,NA,NA
"Urochloa ramosa",NA,NA,NA,NA,NA,NA,NA,NA,NA
"Urochloa reptans",NA,NA,NA,NA,NA,NA,NA,NA,NA
"Urochloa serrata",NA,NA,NA,NA,NA,NA,NA,NA,NA
"Urochloa villosa",NA,NA,NA,NA,NA,NA,NA,NA,NA
"Utricularia",NA,NA,NA,NA,NA,NA,NA,NA,NA
"Utricularia stellaris",NA,NA,NA,NA,NA,NA,NA,NA,NA
"Uvaria afzelii",NA,NA,NA,NA,NA,NA,NA,NA,NA
"Uvaria tortilis",NA,NA,NA,NA,NA,NA,NA,NA,NA
"Uvariodendron occidentale",NA,NA,NA,NA,NA,NA,NA,NA,NA
"Vachellia farnesiana",NA,NA,NA,NA,NA,NA,NA,NA,NA
"Vachellia nilotica",NA,NA,NA,NA,NA,NA,NA,NA,NA
"Vachellia seyal",NA,NA,NA,NA,NA,NA,NA,NA,NA
"Vachellia sieberiana",NA,NA,NA,NA,NA,NA,NA,NA,NA
"Vandellia diffusa",NA,NA,NA,NA,NA,NA,NA,NA,NA
"Vandellia senegalensis",NA,NA,NA,NA,NA,NA,NA,NA,NA
"Varronia curassavica",NA,NA,NA,NA,NA,NA,NA,NA,NA
"Vepris verdoorniana",NA,NA,NA,NA,NA,NA,NA,NA,NA
"Verbascum thapsus","Verbascum thapsus l.","Enclosed",NA,0.1524,"Seed","Fruit with lateral aperture",0.68,0.37,NA
"Verbena brasiliensis",NA,NA,NA,NA,NA,NA,NA,NA,NA
"Verbena officinalis","Verbena officinalis l.","Exposed",NA,0.3366,"Fruit segment","Non-fleshy fruit",0.48,0.66,NA
"Verbena rigida",NA,NA,NA,NA,NA,NA,NA,NA,NA
"Verbesina encelioides",NA,NA,NA,NA,NA,NA,NA,NA,NA
"Vernonia",NA,NA,NA,NA,NA,NA,NA,NA,NA
"Vernonia chapmanii",NA,NA,NA,NA,NA,NA,NA,NA,NA
"Vernonia colorata",NA,NA,NA,NA,NA,NA,NA,NA,NA
"Vernonia galamensis",NA,NA,NA,NA,NA,NA,NA,NA,NA
"Vernoniastrum ambiguum",NA,NA,NA,NA,NA,NA,NA,NA,NA
"Vicia hirsuta","Vicia hirsuta (l.) gray","Enclosed",NA,9.5,"Seed","Explosive release mechanism",NA,NA,NA
"Vicia sativa","Vicia sativa agg.","Enclosed",NA,13.52,"Seed","Explosive release mechanism",0.04,0.06,NA
"Vicoa indica",NA,NA,NA,NA,NA,NA,NA,NA,NA
"Vigna",NA,NA,NA,NA,NA,NA,NA,NA,NA
"Vigna gracilis",NA,NA,NA,NA,NA,NA,NA,NA,NA
"Vigna luteola",NA,NA,NA,NA,NA,NA,NA,NA,NA
"Vigna racemosa",NA,NA,NA,NA,NA,NA,NA,NA,NA
"Vigna radiata",NA,NA,NA,NA,NA,NA,NA,NA,NA
"Vigna reticulata",NA,NA,NA,NA,NA,NA,NA,NA,NA
"Vigna subterranea",NA,NA,NA,NA,NA,NA,NA,NA,NA
"Vigna umbellata",NA,NA,NA,NA,NA,NA,NA,NA,NA
"Vigna unguiculata",NA,NA,NA,NA,NA,NA,NA,NA,NA
"Vigna vexillata",NA,NA,NA,NA,NA,NA,NA,NA,NA
"Vincetoxicum sylvaticum",NA,NA,NA,NA,NA,NA,NA,NA,NA
"Vitellaria paradoxa",NA,NA,NA,NA,NA,NA,NA,NA,NA
"Vitex",NA,NA,NA,NA,NA,NA,NA,NA,NA
"Vitex doniana",NA,NA,NA,NA,NA,NA,NA,NA,NA
"Vitex oxycuspis",NA,NA,NA,NA,NA,NA,NA,NA,NA
"Vitex trifolia",NA,NA,NA,NA,NA,NA,NA,NA,NA
"Voacanga africana",NA,NA,NA,NA,NA,NA,NA,NA,NA
"Waltheria indica",NA,NA,NA,NA,NA,NA,NA,NA,NA
"Wissadula amplissima",NA,NA,NA,NA,NA,NA,NA,NA,NA
"Withania somnifera",NA,NA,NA,NA,NA,NA,NA,NA,NA
"Xanthium strumarium","Xanthium strumarium l.","Exposed",10,NA,"Infructescence","Non-fleshy fruit",0.07,NA,NA
"Xanthosoma sagittifolium",NA,NA,NA,NA,NA,NA,NA,NA,NA
"Xenostegia medium",NA,NA,NA,NA,NA,NA,NA,NA,NA
"Xenostegia pinnata",NA,NA,NA,NA,NA,NA,NA,NA,NA
"Xenostegia tridentata",NA,NA,NA,NA,NA,NA,NA,NA,NA
"Xyris savanensis",NA,NA,NA,NA,NA,NA,NA,NA,NA
"Youngia japonica",NA,NA,NA,NA,NA,NA,NA,NA,NA
"Zaleya pentandra",NA,NA,NA,NA,NA,NA,NA,NA,NA
"Zantedeschia aethiopica",NA,NA,NA,NA,NA,NA,NA,NA,NA
"Zanthoxylum",NA,NA,NA,NA,NA,NA,NA,NA,NA
"Zea mays",NA,NA,NA,NA,NA,NA,NA,NA,NA
"Zehneria capillacea",NA,NA,NA,NA,NA,NA,NA,NA,NA
"Zehneria emirnensis",NA,NA,NA,NA,NA,NA,NA,NA,NA
"Zehneria thwaitesii",NA,NA,NA,NA,NA,NA,NA,NA,NA
"Ziziphus",NA,NA,NA,NA,NA,NA,NA,NA,NA
"Ziziphus mauritiana",NA,NA,NA,NA,NA,NA,NA,NA,NA
"Zornia",NA,NA,NA,NA,NA,NA,NA,NA,NA
"Zornia glochidiata",NA,NA,NA,NA,NA,NA,NA,NA,NA
"Zornia latifolia",NA,NA,NA,NA,NA,NA,NA,NA,NA
