"original_taxa","accepted_taxref","taxref_key","taxref_rank","taxref_full_name","taxref_phylum","taxref_order","taxref_family","taxref_status","G1_INPN","G2_INPN","G3_INPN","habitat","accepted_gbif","gbif_key","gbif_rank","gbif_full_name","gbif_phylum","gbif_order","gbif_family","gbif_status"
"Acinos arvensis","Acinos arvensis",970955,"ES","Acinos arvensis (Lam.) Dandy, 1946","Equisetopsida","Lamiales","Lamiaceae","EXACT","Trachéophytes","Angiospermes","Autres",3,"Clinopodium acinos",2927118,"SPECIES","Clinopodium acinos (L.) Kuntze","Tracheophyta","Lamiales","Lamiaceae","SYNONYM"
"Agrimonia agrimonoides",NA,NA,NA,NA,NA,NA,NA,"NOT FOUND",NA,NA,NA,NA,"Aremonia agrimonoides agrimonoides",7220751,"SUBSPECIES","Aremonia agrimonoides subsp. agrimonoides","Tracheophyta","Rosales","Rosaceae","SYNONYM"
"Aira multiculmis","Aira multiculmis",80902,"ES","Aira multiculmis Dumort., 1824","Equisetopsida","Poales","Poaceae","EXACT","Trachéophytes","Angiospermes","Autres",3,"Aira caryophyllea",7747216,"SPECIES","Aira caryophyllea L.","Tracheophyta","Poales","Poaceae","SYNONYM"
"Allium polyanthum","Allium polyanthum",81313,"ES","Allium polyanthum auct. non Schult. & Schult.f., 1830, sensu Gren., 1855","Equisetopsida","Asparagales","Amaryllidaceae","EXACT","Trachéophytes","Angiospermes","Autres",3,"Allium ampeloprasum",2856037,"SPECIES","Allium ampeloprasum L.","Tracheophyta","Asparagales","Amaryllidaceae","SYNONYM"
"Allium scaberrimum","Allium scaberrimum",81507,"ES","Allium scaberrimum J.Serres, 1857","Equisetopsida","Asparagales","Amaryllidaceae","EXACT","Trachéophytes","Angiospermes","Autres",3,"Allium scaberrimum",2856332,"SPECIES","Allium scaberrimum M.Serres","Tracheophyta","Asparagales","Amaryllidaceae","SYNONYM"
"Amaranthus powelii","Amaranthus powellii",82015,"ES","Amaranthus powellii S.Watson, 1875","Equisetopsida","Caryophyllales","Amaranthaceae","FUZZY","Trachéophytes","Angiospermes","Autres",3,"Amaranthus powellii",5384359,"SPECIES","Amaranthus powellii S.Watson","Tracheophyta","Caryophyllales","Amaranthaceae","EXACT_ACCEPTED"
"Anagallis arvensis","Anagallis arvensis",610909,"ES","Anagallis arvensis L., 1753","Equisetopsida","Ericales","Primulaceae","EXACT","Trachéophytes","Angiospermes","Autres",3,"Lysimachia arvensis arvensis",9631539,"SUBSPECIES","Lysimachia arvensis subsp. arvensis","Tracheophyta","Ericales","Primulaceae","SYNONYM"
"Anagallis foemina","Anagallis foemina",706505,"ES","Anagallis foemina Mill., 1768","Equisetopsida","Ericales","Primulaceae","EXACT","Trachéophytes","Angiospermes","Autres",3,"Lysimachia foemina",8368021,"SPECIES","Lysimachia foemina (Mill.) U.Manns & Anderb.","Tracheophyta","Ericales","Primulaceae","SYNONYM"
"Anchusa arvensis","Anchusa arvensis",107027,"ES","Anchusa arvensis (L.) M.Bieb., 1808","Equisetopsida","Boraginales","Boraginaceae","EXACT","Trachéophytes","Angiospermes","Autres",3,"Lycopsis arvensis arvensis",9309359,"SUBSPECIES","Lycopsis arvensis subsp. arvensis","Tracheophyta","Boraginales","Boraginaceae","SYNONYM"
"Anchusa italica","Anchusa italica",618756,"ES","Anchusa italica Retz., 1779","Equisetopsida","Boraginales","Boraginaceae","EXACT","Trachéophytes","Angiospermes","Autres",3,"Anchusa azurea",5341198,"SPECIES","Anchusa azurea Mill.","Tracheophyta","Boraginales","Boraginaceae","SYNONYM"
"Anisantha diandra","Anisantha diandra",82750,"ES","Anisantha diandra (Roth) Tutin ex Tzvelev, 1963","Equisetopsida","Poales","Poaceae","EXACT","Trachéophytes","Angiospermes","Autres",3,"Bromus diandrus",2703760,"SPECIES","Bromus diandrus Roth","Tracheophyta","Poales","Poaceae","SYNONYM"
"Anisantha madritensis","Anisantha madritensis",82753,"ES","Anisantha madritensis (L.) Nevski, 1934","Equisetopsida","Poales","Poaceae","EXACT","Trachéophytes","Angiospermes","Autres",3,"Bromus madritensis",2703721,"SPECIES","Bromus madritensis L.","Tracheophyta","Poales","Poaceae","SYNONYM"
"Anisantha rubens","Anisantha rubens",82756,"ES","Anisantha rubens (L.) Nevski, 1934","Equisetopsida","Poales","Poaceae","EXACT","Trachéophytes","Angiospermes","Autres",3,"Bromus rubens",2703740,"SPECIES","Bromus rubens L.","Tracheophyta","Poales","Poaceae","SYNONYM"
"Anisantha sterilis","Anisantha sterilis",82757,"ES","Anisantha sterilis (L.) Nevski, 1934","Equisetopsida","Poales","Poaceae","EXACT","Trachéophytes","Angiospermes","Autres",3,"Bromus sterilis",2703647,"SPECIES","Bromus sterilis L.","Tracheophyta","Poales","Poaceae","SYNONYM"
"Anisantha tectorum","Anisantha tectorum",82758,"ES","Anisantha tectorum (L.) Nevski, 1934","Equisetopsida","Poales","Poaceae","EXACT","Trachéophytes","Angiospermes","Autres",3,"Bromus tectorum",2703746,"SPECIES","Bromus tectorum L.","Tracheophyta","Poales","Poaceae","SYNONYM"
"Anthemis austriaca","Anthemis austriaca",82821,"ES","Anthemis austriaca Jacq., 1778","Equisetopsida","Asterales","Asteraceae","EXACT","Trachéophytes","Angiospermes","Autres",7,"Cota austriaca",5390636,"SPECIES","Cota austriaca (Jacq.) Sch.Bip.","Tracheophyta","Asterales","Asteraceae","SYNONYM"
"Aspaacut",NA,NA,NA,NA,NA,NA,NA,"NOT FOUND",NA,NA,NA,NA,NA,NA,NA,NA,NA,NA,NA,"NONE_NA"
"Atriplex cf","Atriplex",189627,"GN","Atriplex L., 1753","Equisetopsida","Caryophyllales","Amaranthaceae","FUZZY","Trachéophytes","Angiospermes","Autres",7,"Atriplex",10651755,"GENUS","Atriplex L.","Tracheophyta","Caryophyllales","Amaranthaceae","EXACT_ACCEPTED"
"Avena sterilis","Avena sterilis",82757,"ES","Avena sterilis (L.) Salisb., 1796","Equisetopsida","Poales","Poaceae","EXACT","Trachéophytes","Angiospermes","Autres",3,"Bromus sterilis",2703647,"SPECIES","Bromus sterilis L.","Tracheophyta","Poales","Poaceae","SYNONYM"
"Avena sterilis ludoviciana","Avena sterilis subsp. ludoviciana",788978,"SSES","Avena sterilis subsp. ludoviciana (Durieu) Gillet & Magne, 1873","Equisetopsida","Poales","Poaceae","EXACT","Trachéophytes","Angiospermes","Autres",3,"Avena sterilis ludoviciana",2705287,"SUBSPECIES","Avena sterilis subsp. ludoviciana (Durieu) Nyman","Tracheophyta","Poales","Poaceae","SYNONYM"
"Avenula bromoides","Avenula bromoides",717222,"ES","Avenula bromoides (Gouan) H.Scholz, 1974","Equisetopsida","Poales","Poaceae","EXACT","Trachéophytes","Angiospermes","Autres",3,"Helictochloa bromoides",6559940,"SPECIES","Helictochloa bromoides (Gouan) Romero Zarco","Tracheophyta","Poales","Poaceae","SYNONYM"
"Beta vulgaris maritima","Beta vulgaris subsp. maritima",132119,"SSES","Beta vulgaris subsp. maritima (L.) Arcang., 1882","Equisetopsida","Caryophyllales","Amaranthaceae","EXACT","Trachéophytes","Angiospermes","Autres",3,"Beta maritima",5383922,"SPECIES","Beta maritima L.","Tracheophyta","Caryophyllales","Amaranthaceae","SYNONYM"
"Bifora testiculata","Bifora testiculata",85999,"ES","Bifora testiculata (L.) Spreng., 1820","Equisetopsida","Apiales","Apiaceae","EXACT","Trachéophytes","Angiospermes","Autres",3,"Bifora testiculata",7412216,"SPECIES","Bifora testiculata (L.) Roth","Tracheophyta","Apiales","Apiaceae","SYNONYM"
"Brachypodium rupestre","Brachypodium rupestre",86301,"ES","Brachypodium rupestre (Host) Roem. & Schult., 1817","Equisetopsida","Poales","Poaceae","EXACT","Trachéophytes","Angiospermes","Autres",3,"Brachypodium pinnatum",5290142,"SPECIES","Brachypodium pinnatum (L.) P.Beauv.","Tracheophyta","Poales","Poaceae","SYNONYM"
"Brassica carinata",NA,NA,NA,NA,NA,NA,NA,"NOT FOUND",NA,NA,NA,NA,"Brassica carinata",3042925,"SPECIES","Brassica carinata A.Braun","Tracheophyta","Brassicales","Brassicaceae","EXACT_ACCEPTED"
"Bromopsis erecta","Bromopsis erecta",86512,"ES","Bromopsis erecta (Huds.) Fourr., 1869","Equisetopsida","Poales","Poaceae","EXACT","Trachéophytes","Angiospermes","Autres",3,"Bromus erectus",7647071,"SPECIES","Bromus erectus Huds.","Tracheophyta","Poales","Poaceae","SYNONYM"
"Bromus arvensis","Bromus arvensis",86512,"ES","Bromus arvensis Lam., 1779","Equisetopsida","Poales","Poaceae","EXACT","Trachéophytes","Angiospermes","Autres",3,"Bromus erectus",7647071,"SPECIES","Bromus erectus Huds.","Tracheophyta","Poales","Poaceae","SYNONYM"
"Bromus japonicus","Bromus japonicus",86643,"ES","Bromus japonicus Thunb., 1784","Equisetopsida","Poales","Poaceae","EXACT","Trachéophytes","Angiospermes","Autres",3,"Bromus japonicus japonicus",7226794,"SUBSPECIES","Bromus japonicus subsp. japonicus","Tracheophyta","Poales","Poaceae","SYNONYM"
"Bromus ramosus","Bromus ramosus",86297,"ES","Bromus ramosus L., 1767","Equisetopsida","Poales","Poaceae","EXACT","Trachéophytes","Angiospermes","Autres",3,"Brachypodium retusum",5676053,"SPECIES","Brachypodium retusum (Pers.) P.Beauv.","Tracheophyta","Poales","Poaceae","SYNONYM"
"Bromus squarossus","Bromus squarrosus",86761,"ES","Bromus squarrosus L., 1753","Equisetopsida","Poales","Poaceae","FUZZY","Trachéophytes","Angiospermes","Autres",3,"Bromus squarrosus",2703700,"SPECIES","Bromus squarrosus L.","Tracheophyta","Poales","Poaceae","EXACT_ACCEPTED"
"Calamintha sylvatica","Calamintha sylvatica",788968,"ES","Calamintha sylvatica Bromf., 1845","Equisetopsida","Lamiales","Lamiaceae","EXACT","Trachéophytes","Angiospermes","Autres",3,"Clinopodium menthifolium menthifolium",7096204,"SUBSPECIES","Clinopodium menthifolium subsp. menthifolium","Tracheophyta","Lamiales","Lamiaceae","SYNONYM"
"Camelina sativa pilosa","Camelina sativa var. pilosa",613479,"VAR","Camelina sativa var. pilosa DC., 1824","Equisetopsida","Brassicales","Brassicaceae","EXACT","Trachéophytes","Angiospermes","Autres",3,"Camelina microcarpa",3042416,"SPECIES","Camelina microcarpa Andrz. ex DC.","Tracheophyta","Brassicales","Brassicaceae","SYNONYM"
"Cardamine hirsuta","Cardamine hirsuta",87915,"ES","Cardamine hirsuta Besser","Equisetopsida","Brassicales","Brassicaceae","EXACT","Trachéophytes","Angiospermes","Autres",3,"Cardamine flexuosa",3046076,"SPECIES","Cardamine flexuosa With.","Tracheophyta","Brassicales","Brassicaceae","SYNONYM"
"Cardaria draba","Cardaria draba",105621,"ES","Cardaria draba (L.) Desv., 1815","Equisetopsida","Brassicales","Brassicaceae","EXACT","Trachéophytes","Angiospermes","Autres",3,"Lepidium draba",5376961,"SPECIES","Lepidium draba L.","Tracheophyta","Brassicales","Brassicaceae","SYNONYM"
"Carex pendula","Carex pendula",132707,"ES","Carex pendula Schreb., 1771","Equisetopsida","Poales","Cyperaceae","EXACT","Trachéophytes","Angiospermes","Autres",3,"Carex flacca flacca",7227136,"SUBSPECIES","Carex flacca subsp. flacca","Tracheophyta","Poales","Cyperaceae","SYNONYM"
"Centaurea argentea",NA,NA,NA,NA,NA,NA,NA,"NOT FOUND",NA,NA,NA,NA,"Centaurea argentea",3127890,"SPECIES","Centaurea argentea L.","Tracheophyta","Asterales","Asteraceae","EXACT_ACCEPTED"
"Cerastium fontanum vulgare","Cerastium fontanum subsp. vulgare",133108,"SSES","Cerastium fontanum subsp. vulgare (Hartm.) Greuter & Burdet, 1982","Equisetopsida","Caryophyllales","Caryophyllaceae","EXACT","Trachéophytes","Angiospermes","Autres",3,"Cerastium holosteoides",6364031,"SPECIES","Cerastium holosteoides Fr.","Tracheophyta","Caryophyllales","Caryophyllaceae","SYNONYM"
"Cerastium vulgare","Cerastium vulgare",133108,"ES","Cerastium vulgare Hartm., 1820","Equisetopsida","Caryophyllales","Caryophyllaceae","EXACT","Trachéophytes","Angiospermes","Autres",3,"Cerastium holosteoides",6364031,"SPECIES","Cerastium holosteoides Fr.","Tracheophyta","Caryophyllales","Caryophyllaceae","SYNONYM"
"Ceratocephala falcata","Ceratocephala falcata",90180,"ES","Ceratocephala falcata (L.) Pers., 1805","Equisetopsida","Ranunculales","Ranunculaceae","EXACT","Trachéophytes","Angiospermes","Autres",3,"Ceratocephala falcata falcata",7277378,"SUBSPECIES","Ceratocephala falcata subsp. falcata","Tracheophyta","Ranunculales","Ranunculaceae","SYNONYM"
"Ceratochloa cathartica","Ceratochloa cathartica",90192,"ES","Ceratochloa cathartica (Vahl) Herter, 1940","Equisetopsida","Poales","Poaceae","EXACT","Trachéophytes","Angiospermes","Autres",3,"Bromus catharticus",2703723,"SPECIES","Bromus catharticus Vahl","Tracheophyta","Poales","Poaceae","SYNONYM"
"Chaenorrhinum minus","Chaenorhinum minus",90316,"ES","Chaenorhinum minus (L.) Lange, 1870","Equisetopsida","Lamiales","Plantaginaceae","FUZZY","Trachéophytes","Angiospermes","Autres",3,"Chaenorhinum minus",3171669,"SPECIES","Chaenorhinum minus (L.) Lange","Tracheophyta","Lamiales","Plantaginaceae","EXACT_ACCEPTED"
"Chaenorrhinum minus minus","Chaenorhinum minus",90316,"ES","Chaenorhinum minus (L.) Lange, 1870","Equisetopsida","Lamiales","Plantaginaceae","FUZZY","Trachéophytes","Angiospermes","Autres",3,"Chaenorhinum minus",3171669,"SPECIES","Chaenorhinum minus (L.) Lange","Tracheophyta","Lamiales","Plantaginaceae","EXACT_ACCEPTED"
"Chenopodiaceae","Chenopodiaceae",187277,"FM","Chenopodiaceae Vent., 1799","Equisetopsida","Caryophyllales","Amaranthaceae","EXACT","Trachéophytes","Angiospermes","Autres",3,"Amaranthaceae",3064,"FAMILY","Amaranthaceae","Tracheophyta","Caryophyllales","Amaranthaceae","SYNONYM"
"Chenopodium hybridum","Chenopodium hybridum",717137,"ES","Chenopodium hybridum L., 1753","Equisetopsida","Caryophyllales","Amaranthaceae","EXACT","Trachéophytes","Angiospermes","Autres",3,"Chenopodiastrum hybridum",7551162,"SPECIES","Chenopodiastrum hybridum (L.) S.Fuentes, Uotila & Borsch","Tracheophyta","Caryophyllales","Amaranthaceae","SYNONYM"
"Chrysanthemum segetum","Chrysanthemum segetum",100304,"ES","Chrysanthemum segetum L., 1753","Equisetopsida","Asterales","Asteraceae","EXACT","Trachéophytes","Angiospermes","Autres",3,"Glebionis segetum",3141101,"SPECIES","Glebionis segetum (L.) Fourr.","Tracheophyta","Asterales","Asteraceae","SYNONYM"
"Cirsium eriophorum","Cirsium eriophorum",91327,"ES","Cirsium eriophorum (L.) Scop., 1772","Equisetopsida","Asterales","Asteraceae","EXACT","Trachéophytes","Angiospermes","Autres",3,"Lophiolepis eriophora",12171609,"SPECIES","Lophiolepis eriophora (L.) Del Guacchio, Bures, Iamonico & P.Caputo","Tracheophyta","Asterales","Asteraceae","SYNONYM"
"Cirsium erisitales","Cirsium erisithales",91328,"ES","Cirsium erisithales (Jacq.) Scop., 1769","Equisetopsida","Asterales","Asteraceae","FUZZY","Trachéophytes","Angiospermes","Autres",3,"Cirsium erisithales",3113027,"SPECIES","Cirsium erisithales (Jacq.) Scop.","Tracheophyta","Asterales","Asteraceae","EXACT_ACCEPTED"
"Clinopodium nepeta ascendens","Clinopodium nepeta subsp. ascendens",718220,"SSES","Clinopodium nepeta subsp. ascendens (Jord.) B.Bock, 2012","Equisetopsida","Lamiales","Lamiaceae","EXACT","Trachéophytes","Angiospermes","Autres",3,"Clinopodium menthifolium ascendens",3886463,"SUBSPECIES","Clinopodium menthifolium subsp. ascendens (Jord.) Govaerts","Tracheophyta","Lamiales","Lamiaceae","SYNONYM"
"Consolida regalis","Consolida regalis",94572,"ES","Consolida regalis Gray, 1822","Equisetopsida","Ranunculales","Ranunculaceae","EXACT","Trachéophytes","Angiospermes","Autres",3,"Delphinium consolida consolida",10763835,"SUBSPECIES","Delphinium consolida subsp. consolida","Tracheophyta","Ranunculales","Ranunculaceae","SYNONYM"
"Convolvulus sepium","Convolvulus sepium",92353,"ES","Convolvulus sepium L., 1753","Equisetopsida","Solanales","Convolvulaceae","EXACT","Trachéophytes","Angiospermes","Autres",3,"Calystegia sepium sepium",7225710,"SUBSPECIES","Calystegia sepium subsp. sepium","Tracheophyta","Solanales","Convolvulaceae","SYNONYM"
"Convolvulus soldanella","Convolvulus soldanella",92358,"ES","Convolvulus soldanella L., 1753","Equisetopsida","Solanales","Convolvulaceae","EXACT","Trachéophytes","Angiospermes","Autres",3,"Calystegia soldanella",7646357,"SPECIES","Calystegia soldanella (L.) R.Br.","Tracheophyta","Solanales","Convolvulaceae","SYNONYM"
"Conyza canadensis","Conyza canadensis",96749,"ES","Conyza canadensis (L.) Cronquist, 1943","Equisetopsida","Asterales","Asteraceae","EXACT","Trachéophytes","Angiospermes","Autres",3,"Erigeron canadensis",3146791,"SPECIES","Erigeron canadensis L.","Tracheophyta","Asterales","Asteraceae","SYNONYM"
"Conyza sumatrensis","Conyza sumatrensis",96814,"ES","Conyza sumatrensis (Retz.) E.Walker, 1971","Equisetopsida","Asterales","Asteraceae","EXACT","Trachéophytes","Angiospermes","Autres",3,"Erigeron sumatrensis",3146683,"SPECIES","Erigeron sumatrensis Retz.","Tracheophyta","Asterales","Asteraceae","SYNONYM"
"Cornonilla varia","Coronilla varia",92546,"ES","Coronilla varia L., 1753","Equisetopsida","Fabales","Fabaceae","FUZZY","Trachéophytes","Angiospermes","Autres",3,"Coronilla varia",5350005,"SPECIES","Coronilla varia L.","Tracheophyta","Fabales","Fabaceae","EXACT_ACCEPTED"
"Coronopus didymus","Coronopus didymus",105615,"ES","Coronopus didymus (L.) Sm., 1800","Equisetopsida","Brassicales","Brassicaceae","EXACT","Trachéophytes","Angiospermes","Autres",3,"Lepidium didymum",5377060,"SPECIES","Lepidium didymum L.","Tracheophyta","Brassicales","Brassicaceae","SYNONYM"
"Cota altissima","Cota altissima",92627,"ES","Cota altissima (L.) J.Gay ex Guss., 1844","Equisetopsida","Asterales","Asteraceae","EXACT","Trachéophytes","Angiospermes","Autres",3,"Cota altissima",8219640,"SPECIES","Cota altissima (L.) J.Gay ex Guss., 1844","Tracheophyta","Asterales","Asteraceae","EXACT_DOUBTFUL"
"Cota tinctoria","Cota tinctoria",92629,"ES","Cota tinctoria (L.) J.Gay ex Guss., 1844","Equisetopsida","Asterales","Asteraceae","EXACT","Trachéophytes","Angiospermes","Autres",3,"Cota tinctoria",5390618,"SPECIES","Cota tinctoria (L.) J.Gay","Tracheophyta","Asterales","Asteraceae","SYNONYM"
"Crategus monogyna","Crataegus monogyna",92876,"ES","Crataegus monogyna Jacq., 1775","Equisetopsida","Rosales","Rosaceae","FUZZY","Trachéophytes","Angiospermes","Autres",3,"Crataegus monogyna",9220780,"SPECIES","Crataegus monogyna Jacq.","Tracheophyta","Rosales","Rosaceae","EXACT_ACCEPTED"
"Crepis bienis","Crepis biennis",93015,"ES","Crepis biennis L., 1753","Equisetopsida","Asterales","Asteraceae","FUZZY","Trachéophytes","Angiospermes","Autres",3,"Crepis biennis",5403531,"SPECIES","Crepis biennis L.","Tracheophyta","Asterales","Asteraceae","EXACT_ACCEPTED"
"Crepis rhoeadifolia","Crepis rhoeadifolia",133508,"ES","Crepis rhoeadifolia M.Bieb., 1808","Equisetopsida","Asterales","Asteraceae","EXACT","Trachéophytes","Angiospermes","Autres",3,"Crepis foetida rhoeadifolia",5831060,"SUBSPECIES","Crepis foetida subsp. rhoeadifolia (M.Bieb.) Celak.","Tracheophyta","Asterales","Asteraceae","SYNONYM"
"Crepis taraxacifolia","Crepis taraxacifolia",133531,"ES","Crepis taraxacifolia Thuill., 1799","Equisetopsida","Asterales","Asteraceae","EXACT","Trachéophytes","Angiospermes","Autres",3,"Crepis vesicaria taraxacifolia",5702572,"SUBSPECIES","Crepis vesicaria subsp. taraxacifolia (Thuill.) Thell.","Tracheophyta","Asterales","Asteraceae","SYNONYM"
"Cruciata laevipes opiz","Cruciata laevipes",93308,"ES","Cruciata laevipes Opiz, 1852","Equisetopsida","Gentianales","Rubiaceae","FUZZY","Trachéophytes","Angiospermes","Autres",3,"Cruciata laevipes",5338920,"SPECIES","Cruciata laevipes Opiz","Tracheophyta","Gentianales","Rubiaceae","EXACT_ACCEPTED"
"Cyanus segetum","Cyanus segetum",93680,"ES","Cyanus segetum Hill, 1762","Equisetopsida","Asterales","Asteraceae","EXACT","Trachéophytes","Angiospermes","Autres",3,"Centaurea cyanus",3089561,"SPECIES","Centaurea cyanus L.","Tracheophyta","Asterales","Asteraceae","SYNONYM"
"Cynoglossum cheirifolium","Cynoglossum cheirifolium",93826,"ES","Cynoglossum cheirifolium L., 1753","Equisetopsida","Boraginales","Boraginaceae","EXACT","Trachéophytes","Angiospermes","Autres",3,"Pardoglossum cheirifolium cheirifolium",7295153,"SUBSPECIES","Pardoglossum cheirifolium subsp. cheirifolium","Tracheophyta","Boraginales","Boraginaceae","SYNONYM"
"Cynoglosum officinale","Cynoglossum officinale",93840,"ES","Cynoglossum officinale L., 1753","Equisetopsida","Boraginales","Boraginaceae","FUZZY","Trachéophytes","Angiospermes","Autres",3,"Cynoglossum officinale",2925815,"SPECIES","Cynoglossum officinale L.","Tracheophyta","Boraginales","Boraginaceae","EXACT_ACCEPTED"
"Delphinium orientale","Delphinium orientale",94567,"ES","Delphinium orientale J. Gay ex Gren., 1847","Equisetopsida","Ranunculales","Ranunculaceae","EXACT","Trachéophytes","Angiospermes","Autres",3,"Delphinium ajacis",3033833,"SPECIES","Delphinium ajacis L.","Tracheophyta","Ranunculales","Ranunculaceae","SYNONYM"
"Delphinium verdunense","Delphinium verdunense",94606,"ES","Delphinium verdunense Balb., 1813","Equisetopsida","Ranunculales","Ranunculaceae","EXACT","Trachéophytes","Angiospermes","Autres",3,"Delphinium halteratum verdunense",8201974,"SUBSPECIES","Delphinium halteratum subsp. verdunense (Balb.) Graebn. & P.Graebn.","Tracheophyta","Ranunculales","Ranunculaceae","SYNONYM"
"Dicotyledonae","Dicotylidae",443481,"FM","Dicotylidae ","Mammalia","Cetartiodactyla","Tayassuidae","FUZZY","Chordés","Mammifères","Autres",3,"Tayassuidae",5303,"FAMILY","Tayassuidae","Chordata","Artiodactyla","Tayassuidae","SYNONYM"
"Doricnium pethapillum","Dorycnium pentaphyllum",106664,"ES","Dorycnium pentaphyllum Scop., 1772","Equisetopsida","Fabales","Fabaceae","FUZZY","Trachéophytes","Angiospermes","Autres",3,"Lotus dorycnium",5632022,"SPECIES","Lotus dorycnium L.","Tracheophyta","Fabales","Fabaceae","SYNONYM"
"Echinochloa colona","Echinochloa colona",95669,"ES","Echinochloa colona (L.) Link, 1833","Equisetopsida","Poales","Poaceae","EXACT","Trachéophytes","Angiospermes","Autres",8,"Echinochloa colonum",6431411,"SPECIES","Echinochloa colonum (L.) Link","Tracheophyta","Poales","Poaceae","FUZZY_ACCEPTED"
"Elymus elongatus","Elymus elongatus",96032,"ES","Elymus elongatus (Host) Runemark, 1972","Equisetopsida","Poales","Poaceae","EXACT","Trachéophytes","Angiospermes","Autres",3,"Thinopyrum elongatum",4125808,"SPECIES","Thinopyrum elongatum (Host) D.R.Dewey","Tracheophyta","Poales","Poaceae","SYNONYM"
"Elytrigia campestris","Elytrigia campestris",96030,"ES","Elytrigia campestris (Godr. & Gren.) Kerguélen, 1987","Equisetopsida","Poales","Poaceae","EXACT","Trachéophytes","Angiospermes","Autres",3,"Elymus pungens campestris",5671967,"SUBSPECIES","Elymus pungens subsp. campestris (Godr. & Gren.) Melderis","Tracheophyta","Poales","Poaceae","SYNONYM"
"Elytrigia juncea","Elytrigia juncea",96035,"ES","Elytrigia juncea (L.) Nevski, 1936","Equisetopsida","Poales","Poaceae","EXACT","Trachéophytes","Angiospermes","Autres",3,"Thinopyrum junceum",8395719,"SPECIES","Thinopyrum junceum (L.) Á.Löve","Tracheophyta","Poales","Poaceae","SYNONYM"
"Elytrigia repens","Elytrigia repens",96046,"ES","Elytrigia repens (L.) Desv. ex Nevski, 1934","Equisetopsida","Poales","Poaceae","EXACT","Trachéophytes","Angiospermes","Autres",3,"Elymus repens",5290299,"SPECIES","Elymus repens (L.) Gould","Tracheophyta","Poales","Poaceae","SYNONYM"
"Epibolium angustifolium","Epilobium angustifolium",90483,"ES","Epilobium angustifolium L., 1753","Equisetopsida","Myrtales","Onagraceae","FUZZY","Trachéophytes","Angiospermes","Autres",3,"Chamaenerion angustifolium angustifolium",7322650,"SUBSPECIES","Chamaenerion angustifolium subsp. angustifolium","Tracheophyta","Myrtales","Onagraceae","SYNONYM"
"Epilobium dodonaei fleischeri","Epilobium dodonaei subsp. fleischeri",1019302,"SSES","Epilobium dodonaei subsp. fleischeri (Hochst.) Schinz & Thell., 1923","Equisetopsida","Myrtales","Onagraceae","EXACT","Trachéophytes","Angiospermes","Autres",3,"Chamaenerion fleischeri",3666407,"SPECIES","Chamaenerion fleischeri (Hochst.) Fritsch","Tracheophyta","Myrtales","Onagraceae","SYNONYM"
"Eragrostis minor","Eragrostis minor",96580,"ES","Eragrostis minor Pamp.","Equisetopsida","Poales","Poaceae","EXACT","Trachéophytes","Angiospermes","Autres",3,"Eragrostis barrelieri",2705431,"SPECIES","Eragrostis barrelieri Daveau","Tracheophyta","Poales","Poaceae","SYNONYM"
"Eragrostis pilosa","Eragrostis pilosa",96623,"ES","Eragrostis pilosa Benth.","Equisetopsida","Poales","Poaceae","EXACT","Trachéophytes","Angiospermes","Autres",3,"Eragrostis parviflora",2705393,"SPECIES","Eragrostis parviflora (R.Br.) Trin.","Tracheophyta","Poales","Poaceae","SYNONYM"
"Erigeron annuus","Erigeron annuus",96739,"ES","Erigeron annuus (L.) Desf., 1804","Equisetopsida","Asterales","Asteraceae","EXACT","Trachéophytes","Angiospermes","Autres",3,"Erigeron annuus",3117449,"SPECIES","Erigeron annuus (L.) Pers.","Tracheophyta","Asterales","Asteraceae","SYNONYM"
"Erophila verna","Erophila verna",95372,"ES","Erophila verna (L.) Chevall., 1827","Equisetopsida","Brassicales","Brassicaceae","EXACT","Trachéophytes","Angiospermes","Autres",3,"Draba verna",7473187,"SPECIES","Draba verna L.","Tracheophyta","Brassicales","Brassicaceae","SYNONYM"
"Ervilia articulata","Ervilia articulata",97085,"ES","Ervilia articulata (Hornem.) H.Schaef., Coulot & Rabaute, 2016","Equisetopsida","Fabales","Fabaceae","EXACT","Trachéophytes","Angiospermes","Autres",3,"Vicia articulata",2975371,"SPECIES","Vicia articulata Hornem.","Tracheophyta","Fabales","Fabaceae","SYNONYM"
"Ervilia hirsuta","Ervilia hirsuta",97084,"ES","Ervilia hirsuta (L.) Opiz, 1852","Equisetopsida","Fabales","Fabaceae","EXACT","Trachéophytes","Angiospermes","Autres",3,"Vicia hirsuta",2975328,"SPECIES","Vicia hirsuta (L.) Gray","Tracheophyta","Fabales","Fabaceae","SYNONYM"
"Ervilia sativa","Ervilia sativa",97088,"ES","Ervilia sativa Link, 1822","Equisetopsida","Fabales","Fabaceae","EXACT","Trachéophytes","Angiospermes","Autres",3,"Vicia ervilia",2974887,"SPECIES","Vicia ervilia (L.) Willd.","Tracheophyta","Fabales","Fabaceae","SYNONYM"
"Ervum gracile","Ervum gracile",97101,"ES","Ervum gracile DC., 1813","Equisetopsida","Fabales","Fabaceae","EXACT","Trachéophytes","Angiospermes","Autres",3,"Vicia parviflora",2974776,"SPECIES","Vicia parviflora Cav.","Tracheophyta","Fabales","Fabaceae","SYNONYM"
"Ervum tetraspermum","Ervum tetraspermum",97128,"ES","Ervum tetraspermum L., 1753","Equisetopsida","Fabales","Fabaceae","EXACT","Trachéophytes","Angiospermes","Autres",3,"Vicia tetrasperma",2975083,"SPECIES","Vicia tetrasperma (L.) Schreb.","Tracheophyta","Fabales","Fabaceae","SYNONYM"
"Erysimum incanum aurigeranum","Erysimum incanum subsp. aurigeranum",134318,"SSES","Erysimum incanum subsp. aurigeranum (Jeanb. & Timb.-Lagr.) O.Bolòs & Vigo, 1990","Equisetopsida","Brassicales","Brassicaceae","EXACT","Trachéophytes","Angiospermes","Autres",3,"Erysimum aurigeranum",3048387,"SPECIES","Erysimum aurigeranum Jeanb. & Timb.-Lagr.","Tracheophyta","Brassicales","Brassicaceae","SYNONYM"
"Euphorbia","Euphorbia",192419,"GN","Euphorbia L., 1753","Equisetopsida","Malpighiales","Euphorbiaceae","EXACT","Trachéophytes","Angiospermes","Autres",3,"Euphorbia",11397237,"GENUS","Euphorbia L.","Tracheophyta","Malpighiales","Euphorbiaceae","EXACT_DOUBTFUL"
"Festuca ambigua","Festuca ambigua",98060,"ES","Festuca ambigua Songeon, 1907","Equisetopsida","Poales","Poaceae","EXACT","Trachéophytes","Angiospermes","Autres",3,"Festuca amethystina",4113725,"SPECIES","Festuca amethystina L.","Tracheophyta","Poales","Poaceae","SYNONYM"
"Festuca arundinacea","Festuca arundinacea",717533,"ES","Festuca arundinacea Schreb., 1771","Equisetopsida","Poales","Poaceae","EXACT","Trachéophytes","Angiospermes","Autres",3,"Lolium arundinaceum",2706231,"SPECIES","Lolium arundinaceum (Schreb.) Darbysh.","Tracheophyta","Poales","Poaceae","SYNONYM"
"Festuca myuros","Festuca myuros",129993,"ES","Festuca myuros Soy.-Will., 1828","Equisetopsida","Poales","Poaceae","EXACT","Trachéophytes","Angiospermes","Autres",3,"Festuca alopecuros",4129351,"SPECIES","Festuca alopecuros Schousb.","Tracheophyta","Poales","Poaceae","SYNONYM"
"Festuca pratensis","Festuca pratensis",86512,"ES","Festuca pratensis Thuill., 1799","Equisetopsida","Poales","Poaceae","EXACT","Trachéophytes","Angiospermes","Autres",3,"Bromus erectus",7647071,"SPECIES","Bromus erectus Huds.","Tracheophyta","Poales","Poaceae","SYNONYM"
"Filago minima","Filago minima",106451,"ES","Filago minima (Sm.) Fr.","Equisetopsida","Asterales","Asteraceae","EXACT","Trachéophytes","Angiospermes","Autres",3,"Logfia minima",3088922,"SPECIES","Logfia minima (Sm.) Dumort.","Tracheophyta","Asterales","Asteraceae","SYNONYM"
"Filago vulgaris","Filago vulgaris",98681,"ES","Filago vulgaris Lam., 1779","Equisetopsida","Asterales","Asteraceae","EXACT","Trachéophytes","Angiospermes","Autres",3,"Filago germanica",7533148,"SPECIES","Filago germanica L.","Tracheophyta","Asterales","Asteraceae","SYNONYM"
"Fumaria capreolata","Fumaria capreolata",99051,"ES","Fumaria capreolata Parl., 1844","Equisetopsida","Ranunculales","Papaveraceae","EXACT","Trachéophytes","Angiospermes","Autres",3,"Fumaria bastardii",9228111,"SPECIES","Fumaria bastardii Boreau","Tracheophyta","Ranunculales","Papaveraceae","SYNONYM"
"Fumaria rostellata",NA,NA,NA,NA,NA,NA,NA,"NOT FOUND",NA,NA,NA,NA,"Fumaria rostellata",5531762,"SPECIES","Fumaria rostellata Knaf","Tracheophyta","Ranunculales","Papaveraceae","EXACT_ACCEPTED"
"Fumaria tenuifolia","Fumaria tenuifolia",99111,"ES","Fumaria tenuifolia G.Gaertn., B.Mey. & Scherb., 1801","Equisetopsida","Ranunculales","Papaveraceae","EXACT","Trachéophytes","Angiospermes","Autres",3,"Fumaria parviflora",5334215,"SPECIES","Fumaria parviflora Lam.","Tracheophyta","Ranunculales","Papaveraceae","SYNONYM"
"Gagea arvensis","Gagea arvensis",99187,"ES","Gagea arvensis Dumort., 1827","Equisetopsida","Liliales","Liliaceae","EXACT","Trachéophytes","Angiospermes","Autres",3,"Gagea minima",5300136,"SPECIES","Gagea minima (L.) Ker Gawl.","Tracheophyta","Liliales","Liliaceae","SYNONYM"
"Galactites tomentosus","Galactites tomentosus",99224,"ES","Galactites tomentosus Moench, 1794","Equisetopsida","Asterales","Asteraceae","EXACT","Trachéophytes","Angiospermes","Autres",3,"Galactites tomentosa",3137579,"SPECIES","Galactites tomentosa Moench","Tracheophyta","Asterales","Asteraceae","FUZZY_ACCEPTED"
"Galium corrudifolium","Galium corrudifolium",99406,"ES","Galium corrudifolium Vill., 1779","Equisetopsida","Gentianales","Rubiaceae","EXACT","Trachéophytes","Angiospermes","Autres",3,"Galium lucidum corrudifolium",2913695,"SUBSPECIES","Galium lucidum subsp. corrudifolium (Vill.) Bonnier","Tracheophyta","Gentianales","Rubiaceae","SYNONYM"
"Geranium pheum","Geranium phaeum",100120,"ES","Geranium phaeum L., 1753","Equisetopsida","Geraniales","Geraniaceae","FUZZY","Trachéophytes","Angiospermes","Autres",3,"Geranium phaeum",2891390,"SPECIES","Geranium phaeum L.","Tracheophyta","Geraniales","Geraniaceae","EXACT_ACCEPTED"
"Glebionis coronaria","Glebionis coronaria",611295,"ES","Glebionis coronaria (L.) Cass. ex Spach, 1841","Equisetopsida","Asterales","Asteraceae","EXACT","Trachéophytes","Angiospermes","Autres",3,"Glebionis coronaria",7627205,"SPECIES","Glebionis coronaria (L.) Tzvelev","Tracheophyta","Asterales","Asteraceae","SYNONYM"
"Gnaphalium americanum","Gnaphalium americanum",82353,"ES","Gnaphalium americanum Greene, 1894","Equisetopsida","Asterales","Asteraceae","EXACT","Trachéophytes","Angiospermes","Autres",3,"Anaphalis margaritacea margaritacea",7222825,"SUBSPECIES","Anaphalis margaritacea subsp. margaritacea","Tracheophyta","Asterales","Asteraceae","SYNONYM"
"Gnaphalium antillanum","Gnaphalium antillanum",619555,"ES","Gnaphalium antillanum Urb., 1915","Equisetopsida","Asterales","Asteraceae","EXACT","Trachéophytes","Angiospermes","Autres",3,"Gamochaeta antillana",3103180,"SPECIES","Gamochaeta antillana (Urb.) Anderb.","Tracheophyta","Asterales","Asteraceae","SYNONYM"
"Gypsophila muralis","Gypsophila muralis",116185,"ES","Gypsophila muralis L., 1753","Equisetopsida","Caryophyllales","Caryophyllaceae","EXACT","Trachéophytes","Angiospermes","Autres",3,"Psammophiliella muralis",3085257,"SPECIES","Psammophiliella muralis (L.) Ikonn.","Tracheophyta","Caryophyllales","Caryophyllaceae","SYNONYM"
"Hainardia cylindrica","Hainardia cylindrica",100710,"ES","Hainardia cylindrica (Willd.) Greuter, 1967","Equisetopsida","Poales","Poaceae","EXACT","Trachéophytes","Angiospermes","Autres",3,"Parapholis cylindrica",12246414,"SPECIES","Parapholis cylindrica (Willd.) Romero Zarco","Tracheophyta","Poales","Poaceae","SYNONYM"
"Helleborus purpurascens",NA,NA,NA,NA,NA,NA,NA,"NOT FOUND",NA,NA,NA,NA,"Helleborus purpurascens",7889472,"SPECIES","Helleborus purpurascens Waldst. & Kit.","Tracheophyta","Ranunculales","Ranunculaceae","EXACT_ACCEPTED"
"Helminthotheca comosa",NA,NA,NA,NA,NA,NA,NA,"NOT FOUND",NA,NA,NA,NA,"Helminthotheca comosa",8087313,"SPECIES","Helminthotheca comosa (Boiss.) Holub","Tracheophyta","Asterales","Asteraceae","EXACT_ACCEPTED"
"Herniaria hirsuta cinerea","Herniaria hirsuta subsp. cinerea",101405,"SSES","Herniaria hirsuta subsp. cinerea (DC.) Arcang., 1882","Equisetopsida","Caryophyllales","Caryophyllaceae","EXACT","Trachéophytes","Angiospermes","Autres",3,"Herniaria cinerea",3593900,"SPECIES","Herniaria cinerea DC.","Tracheophyta","Caryophyllales","Caryophyllaceae","SYNONYM"
"Hieracium aurantiacum","Hieracium aurantiacum",113508,"ES","Hieracium aurantiacum L., 1753","Equisetopsida","Asterales","Asteraceae","EXACT","Trachéophytes","Angiospermes","Autres",3,"Pilosella aurantiaca aurantiaca",7222674,"SUBSPECIES","Pilosella aurantiaca subsp. aurantiaca","Tracheophyta","Asterales","Asteraceae","SYNONYM"
"Hieracium cymosum","Hieracium cymosum",113515,"ES","Hieracium cymosum L., 1763","Equisetopsida","Asterales","Asteraceae","EXACT","Trachéophytes","Angiospermes","Autres",3,"Pilosella cymosa cymosa",6083252,"SUBSPECIES","Pilosella cymosa subsp. cymosa","Tracheophyta","Asterales","Asteraceae","SYNONYM"
"Hieracium pilosella","Hieracium pilosella",113525,"ES","Hieracium pilosella L., 1753","Equisetopsida","Asterales","Asteraceae","EXACT","Trachéophytes","Angiospermes","Autres",3,"Pilosella officinarum",9458333,"SPECIES","Pilosella officinarum Vaill.","Tracheophyta","Asterales","Asteraceae","SYNONYM"
"Honorius nutans","Honorius nutans",102930,"ES","Honorius nutans (Sm.) Gray, 1821","Equisetopsida","Asparagales","Asparagaceae","EXACT","Trachéophytes","Angiospermes","Autres",3,"Ornithogalum nutans",2773281,"SPECIES","Ornithogalum nutans L.","Tracheophyta","Asparagales","Asparagaceae","SYNONYM"
"Inula britannica","Inula britannica",103598,"ES","Inula britannica L., 1753","Equisetopsida","Asterales","Asteraceae","EXACT","Trachéophytes","Angiospermes","Autres",3,"Pentanema britannicum",10010617,"SPECIES","Pentanema britannicum (L.) D.Gut.Larr., Santos-Vicente, Anderb., E.Rico & M.M.Mart.Ort.","Tracheophyta","Asterales","Asteraceae","SYNONYM"
"Jasminum fruticans","Jasminum fruticans",104036,"ES","Jasminum fruticans L., 1753","Equisetopsida","Lamiales","Oleaceae","EXACT","Trachéophytes","Angiospermes","Autres",3,"Chrysojasminum fruticans",9556104,"SPECIES","Chrysojasminum fruticans (L.) Banfi","Tracheophyta","Lamiales","Oleaceae","SYNONYM"
"Juncus effusum","Juncus effusus",104173,"ES","Juncus effusus L., 1753","Equisetopsida","Poales","Juncaceae","FUZZY","Trachéophytes","Angiospermes","Autres",3,"Juncus effusus",2701311,"SPECIES","Juncus effusus L.","Tracheophyta","Poales","Juncaceae","EXACT_ACCEPTED"
"Lactuca","Lactuca",193786,"GN","Lactuca L., 1753","Equisetopsida","Asterales","Asteraceae","EXACT","Trachéophytes","Angiospermes","Autres",3,"Lactuca",3140231,"GENUS","Lactuca L.","Tracheophyta","Asterales","Asteraceae","EXACT_DOUBTFUL"
"Lathyrus sativa","Lathyrus sativus",105256,"ES","Lathyrus sativus L., 1753","Equisetopsida","Fabales","Fabaceae","FUZZY","Trachéophytes","Angiospermes","Autres",3,"Lathyrus sativus",5356488,"SPECIES","Lathyrus sativus L.","Tracheophyta","Fabales","Fabaceae","EXACT_ACCEPTED"
"Lens culinaris","Lens culinaris",129211,"ES","Lens culinaris Medik., 1797","Equisetopsida","Fabales","Fabaceae","EXACT","Trachéophytes","Angiospermes","Autres",3,"Vicia lens",3973001,"SPECIES","Vicia lens (L.) Coss. & Germ.","Tracheophyta","Fabales","Fabaceae","SYNONYM"
"Leontodon autumnalis","Leontodon autumnalis",121988,"ES","Leontodon autumnalis L., 1753","Equisetopsida","Asterales","Asteraceae","EXACT","Trachéophytes","Angiospermes","Autres",3,"Scorzoneroides autumnalis autumnalis",6300383,"SUBSPECIES","Scorzoneroides autumnalis subsp. autumnalis","Tracheophyta","Asterales","Asteraceae","SYNONYM"
"Leontodon saxatilis saxatilis","Leontodon saxatilis subsp. saxatilis",137205,"SSES","Leontodon saxatilis subsp. saxatilis Lam., 1779","Equisetopsida","Asterales","Asteraceae","EXACT","Trachéophytes","Angiospermes","Autres",3,"Leontodon saxatilis saxatilis",7066450,"SUBSPECIES","Leontodon saxatilis subsp. saxatilis","Tracheophyta","Asterales","Asteraceae","EXACT_DOUBTFUL"
"Lepidium ruderale","Lepidium ruderale",105612,"ES","Lepidium ruderale Richardson","Equisetopsida","Brassicales","Brassicaceae","EXACT","Trachéophytes","Angiospermes","Autres",3,"Lepidium densiflorum",5377064,"SPECIES","Lepidium densiflorum Schrad.","Tracheophyta","Brassicales","Brassicaceae","SYNONYM"
"Leucanthemum","Leucanthemum",194069,"GN","Leucanthemum Mill., 1754","Equisetopsida","Asterales","Asteraceae","EXACT","Trachéophytes","Angiospermes","Autres",3,"Leucanthemum",5400948,"GENUS","Leucanthemum Mill.","Tracheophyta","Asterales","Asteraceae","EXACT_DOUBTFUL"
"Linaria amethystea",NA,NA,NA,NA,NA,NA,NA,"NOT FOUND",NA,NA,NA,NA,"Linaria amethystea",7397726,"SPECIES","Linaria amethystea (Vent.) Hoffmanns. & Link","Tracheophyta","Lamiales","Plantaginaceae","EXACT_ACCEPTED"
"Linum usitatissimum angustifolium","Linum usitatissimum subsp. angustifolium",137388,"SSES","Linum usitatissimum subsp. angustifolium (Huds.) Thell., 1912","Equisetopsida","Malpighiales","Linaceae","EXACT","Trachéophytes","Angiospermes","Autres",3,"Linum bienne",2873896,"SPECIES","Linum bienne Mill.","Tracheophyta","Malpighiales","Linaceae","SYNONYM"
"Logfia gallica","Logfia gallica",106449,"ES","Logfia gallica (L.) Coss. & Germ., 1843","Equisetopsida","Asterales","Asteraceae","EXACT","Trachéophytes","Angiospermes","Autres",3,"Logfia gallica",11665063,"SPECIES","Logfia gallica (L.) Dumort.","Tracheophyta","Asterales","Asteraceae","SYNONYM"
"Loncomelos narbonensis","Loncomelos narbonense",106545,"ES","Loncomelos narbonense (L.) Raf., 1840","Equisetopsida","Asparagales","Asparagaceae","FUZZY","Trachéophytes","Angiospermes","Autres",3,"Ornithogalum narbonense",2772958,"SPECIES","Ornithogalum narbonense L.","Tracheophyta","Asparagales","Asparagaceae","SYNONYM"
"Loncomelos pyrenaicus","Loncomelos pyrenaicum",106546,"ES","Loncomelos pyrenaicum (L.) L.D.Hrouda, 1988","Equisetopsida","Asparagales","Asparagaceae","FUZZY","Trachéophytes","Angiospermes","Autres",3,"Ornithogalum pyrenaicum",2772902,"SPECIES","Ornithogalum pyrenaicum L.","Tracheophyta","Asparagales","Asparagaceae","SYNONYM"
"Lupinus angustifolius reticulatus","Lupinus angustifolius subsp. reticulatus",106766,"SSES","Lupinus angustifolius subsp. reticulatus (Desv.) Arcang., 1882","Equisetopsida","Fabales","Fabaceae","EXACT","Trachéophytes","Angiospermes","Autres",3,"Lupinus angustifolius",2964025,"SPECIES","Lupinus angustifolius L.","Tracheophyta","Fabales","Fabaceae","SYNONYM"
"Malcolmia littorea","Malcolmia littorea",107185,"ES","Malcolmia littorea (L.) W.T.Aiton, 1812","Equisetopsida","Brassicales","Brassicaceae","EXACT","Trachéophytes","Angiospermes","Autres",3,"Marcus-Kochia littorea",11046740,"SPECIES","Marcus-Kochia littorea (L.) Al-Shehbaz","Tracheophyta","Brassicales","Brassicaceae","SYNONYM"
"Malva setigera","Malva setigera",107313,"ES","Malva setigera K.F.Schimp. & Spenn., 1829","Equisetopsida","Malvales","Malvaceae","EXACT","Trachéophytes","Angiospermes","Autres",3,"Althaea hirsuta",3152521,"SPECIES","Althaea hirsuta L.","Tracheophyta","Malvales","Malvaceae","SYNONYM"
"Matricaria matricarioides","Matricaria matricarioides",107446,"ES","Matricaria matricarioides auct. non (Less.) Porter, 1894","Equisetopsida","Asterales","Asteraceae","EXACT","Trachéophytes","Angiospermes","Autres",3,"Matricaria discoidea",3103791,"SPECIES","Matricaria discoidea DC.","Tracheophyta","Asterales","Asteraceae","SYNONYM"
"Matricaria perforata","Matricaria perforata",127613,"ES","Matricaria perforata Mérat, 1812","Equisetopsida","Asterales","Asteraceae","EXACT","Trachéophytes","Angiospermes","Autres",3,"Tripleurospermum inodorum",3104179,"SPECIES","Tripleurospermum inodorum (L.) Sch.-Bip","Tracheophyta","Asterales","Asteraceae","SYNONYM"
"Matricaria recutita","Matricaria recutita",107440,"ES","Matricaria recutita L., 1753","Equisetopsida","Asterales","Asteraceae","EXACT","Trachéophytes","Angiospermes","Autres",3,"Matricaria chamomilla",8370958,"SPECIES","Matricaria chamomilla L.","Tracheophyta","Asterales","Asteraceae","SYNONYM"
"Medicago minima","Medicago minima",107658,"ES","Medicago minima (L.) L., 1754","Equisetopsida","Fabales","Fabaceae","EXACT","Trachéophytes","Angiospermes","Autres",3,"Medicago minima",8073758,"SPECIES","Medicago minima (L.) Bartal.","Tracheophyta","Fabales","Fabaceae","SYNONYM"
"Medicago sativa falcata","Medicago sativa subsp. falcata",137666,"SSES","Medicago sativa subsp. falcata (L.) Arcang., 1882","Equisetopsida","Fabales","Fabaceae","EXACT","Trachéophytes","Angiospermes","Autres",3,"Medicago falcata",2965354,"SPECIES","Medicago falcata L.","Tracheophyta","Fabales","Fabaceae","SYNONYM"
"Melilotus alba","Melilotus albus",107886,"ES","Melilotus albus Medik., 1787","Equisetopsida","Fabales","Fabaceae","FUZZY","Trachéophytes","Angiospermes","Autres",3,"Melilotus albus",2971095,"SPECIES","Melilotus albus Medik.","Tracheophyta","Fabales","Fabaceae","EXACT_ACCEPTED"
"Melilotus officinalis","Melilotus officinalis",107887,"ES","Melilotus officinalis Willd., 1809","Equisetopsida","Fabales","Fabaceae","EXACT","Trachéophytes","Angiospermes","Autres",3,"Melilotus altissimus",2971042,"SPECIES","Melilotus altissimus Thuill.","Tracheophyta","Fabales","Fabaceae","SYNONYM"
"Melilotus spicatus","Melilotus spicatus",107965,"ES","Melilotus spicatus (Sm.) Breistr., 1956","Equisetopsida","Fabales","Fabaceae","EXACT","Trachéophytes","Angiospermes","Autres",3,"Melilotus neapolitanus",2971074,"SPECIES","Melilotus neapolitanus Ten.","Tracheophyta","Fabales","Fabaceae","SYNONYM"
"Melomphis arabica","Melomphis arabica",108005,"ES","Melomphis arabica (L.) Raf., 1837","Equisetopsida","Asparagales","Asparagaceae","EXACT","Trachéophytes","Angiospermes","Autres",3,"Ornithogalum arabicum",8243662,"SPECIES","Ornithogalum arabicum L.","Tracheophyta","Asparagales","Asparagaceae","SYNONYM"
"Mentha longifolia","Mentha longifolia",108103,"ES","Mentha longifolia (L.) Huds., 1762","Equisetopsida","Lamiales","Lamiaceae","EXACT","Trachéophytes","Angiospermes","Autres",3,"Mentha longifolia",7510173,"SPECIES","Mentha longifolia (L.) L.","Tracheophyta","Lamiales","Lamiaceae","SYNONYM"
"Microthlaspi perfoliatum","Microthlaspi perfoliatum",108522,"ES","Microthlaspi perfoliatum (L.) F.K.Mey., 1973","Equisetopsida","Brassicales","Brassicaceae","EXACT","Trachéophytes","Angiospermes","Autres",3,"Noccaea perfoliata",7639623,"SPECIES","Noccaea perfoliata (L.) Al-Shehbaz","Tracheophyta","Brassicales","Brassicaceae","SYNONYM"
"Minuartia hybrida","Minuartia hybrida",119753,"ES","Minuartia hybrida auct. non (Vill.) Schischk., 1936","Equisetopsida","Caryophyllales","Caryophyllaceae","EXACT","Trachéophytes","Angiospermes","Autres",3,"Sabulina tenuifolia hybrida",9378273,"SUBSPECIES","Sabulina tenuifolia subsp. hybrida (Vill.) Dillenb.","Tracheophyta","Caryophyllales","Caryophyllaceae","SYNONYM"
"Muscari botryoides lelievrei","Muscari botryoides subsp. lelievrei",108869,"SSES","Muscari botryoides subsp. lelievrei (Boreau) K.Richt., 1890","Equisetopsida","Asparagales","Asparagaceae","EXACT","Trachéophytes","Angiospermes","Autres",3,"Muscari botryoides",2772094,"SPECIES","Muscari botryoides (L.) Mill.","Tracheophyta","Asparagales","Asparagaceae","SYNONYM"
"Muscari motelayi","Muscari motelayi",108896,"ES","Muscari motelayi Foucaud, 1891","Equisetopsida","Asparagales","Asparagaceae","EXACT","Trachéophytes","Angiospermes","Autres",3,"Muscari botryoides",2772094,"SPECIES","Muscari botryoides (L.) Mill.","Tracheophyta","Asparagales","Asparagaceae","SYNONYM"
"Muscari racemosum","Muscari racemosum",1049429,"ES","Muscari racemosum (L.) Medik., 1793","Equisetopsida","Asparagales","Asparagaceae","EXACT","Trachéophytes","Angiospermes","Autres",3,"Muscari neglectum",2772020,"SPECIES","Muscari neglectum Guss. ex Ten.","Tracheophyta","Asparagales","Asparagaceae","SYNONYM"
"Myosotis palustris","Myosotis palustris",109091,"ES","Myosotis palustris (L.) Hill, 1770","Equisetopsida","Boraginales","Boraginaceae","EXACT","Trachéophytes","Angiospermes","Autres",3,"Myosotis scorpioides",5341184,"SPECIES","Myosotis scorpioides L.","Tracheophyta","Boraginales","Boraginaceae","SYNONYM"
"Nigella hispanica intermedia","Nigella hispanica var. intermedia",718724,"VAR","Nigella hispanica var. intermedia Coss., 1849","Equisetopsida","Ranunculales","Ranunculaceae","EXACT","Trachéophytes","Angiospermes","Autres",3,"Nigella papillosa atlantica",5616664,"SUBSPECIES","Nigella papillosa subsp. atlantica (Murb.) Amich ex G.López","Tracheophyta","Ranunculales","Ranunculaceae","SYNONYM"
"Nigella nigellastrum","Nigella nigellastrum",109636,"ES","Nigella nigellastrum (L.) Willk., 1880","Equisetopsida","Ranunculales","Ranunculaceae","EXACT","Trachéophytes","Angiospermes","Autres",3,"Garidella nigellastrum",3924810,"SPECIES","Garidella nigellastrum L.","Tracheophyta","Ranunculales","Ranunculaceae","SYNONYM"
"Odontites jaubertianus chrysanthus","Odontites jaubertianus subsp. chrysanthus",109833,"SSES","Odontites jaubertianus subsp. chrysanthus (Boreau) P.Fourn., 1937","Equisetopsida","Lamiales","Orobanchaceae","EXACT","Trachéophytes","Angiospermes","Autres",3,"Odontites jaubertianus",7564934,"SPECIES","Odontites jaubertianus (Boreau) D.Dietr. ex Walp.","Tracheophyta","Lamiales","Orobanchaceae","SYNONYM"
"Odontites luteus lanceolatus","Odontites luteus subsp. lanceolatus",138126,"SSES","Odontites luteus subsp. lanceolatus (Gaudin) P.Fourn., 1937","Equisetopsida","Lamiales","Orobanchaceae","EXACT","Trachéophytes","Angiospermes","Autres",3,"Odontites lanceolatus lanceolatus",7353753,"SUBSPECIES","Odontites lanceolatus subsp. lanceolatus","Tracheophyta","Lamiales","Orobanchaceae","SYNONYM"
"Odontites verna","Odontites vernus",109845,"ES","Odontites vernus (Bellardi) Dumort., 1827","Equisetopsida","Lamiales","Orobanchaceae","FUZZY","Trachéophytes","Angiospermes","Autres",3,"Odontites vernus",8971475,"SPECIES","Odontites vernus (Bellardi) Dumort.","Tracheophyta","Lamiales","Orobanchaceae","EXACT_ACCEPTED"
"Ophrys exaltata","Ophrys exaltata",110385,"ES","Ophrys exaltata Ten., 1819","Equisetopsida","Asparagales","Orchidaceae","EXACT","Trachéophytes","Angiospermes","Autres",3,"Ophrys sphegodes sphegodes",7227884,"SUBSPECIES","Ophrys sphegodes subsp. sphegodes","Tracheophyta","Asparagales","Orchidaceae","SYNONYM"
"Oreganum vulgare","Origanum vulgare",111289,"ES","Origanum vulgare L., 1753","Equisetopsida","Lamiales","Lamiaceae","FUZZY","Trachéophytes","Angiospermes","Autres",3,"Origanum vulgare",2926612,"SPECIES","Origanum vulgare L.","Tracheophyta","Lamiales","Lamiaceae","EXACT_ACCEPTED"
"Orlaya platycarpos","Orlaya platycarpos",111301,"ES","Orlaya platycarpos W.D.J.Koch, 1824","Equisetopsida","Apiales","Apiaceae","EXACT","Trachéophytes","Angiospermes","Autres",3,"Orlaya daucoides",3638303,"SPECIES","Orlaya daucoides (L.) Greuter","Tracheophyta","Apiales","Apiaceae","SYNONYM"
"Ornithogalum boucheanum","Ornithogalum bourgaeanum",1049511,"ES","Ornithogalum bourgaeanum Jord. & Fourr., 1866","Equisetopsida","Asparagales","Asparagaceae","FUZZY","Trachéophytes","Angiospermes","Autres",3,"Ornithogalum bourgaeanum",2773146,"SPECIES","Ornithogalum bourgaeanum Jord. & Fourr.","Tracheophyta","Asparagales","Asparagaceae","EXACT_ACCEPTED"
"Ornithogalum Muscari","Ornithogalum",195535,"GN","Ornithogalum L., 1753","Equisetopsida","Asparagales","Asparagaceae","EXACT_GBIF","Trachéophytes","Angiospermes","Autres",3,"Ornithogalum",2750656,"GENUS","Ornithogalum","Tracheophyta","Liliales","Liliaceae","EXACT_DOUBTFUL"
"Oxalis fontana","Oxalis fontana",111921,"ES","Oxalis fontana Bunge, 1833","Equisetopsida","Oxalidales","Oxalidaceae","EXACT","Trachéophytes","Angiospermes","Autres",3,"Oxalis stricta",9823072,"SPECIES","Oxalis stricta L.","Tracheophyta","Oxalidales","Oxalidaceae","SYNONYM"
"Panicum miliaceum","Panicum miliaceum",1031429,"ES","Panicum miliaceum Walter, 1788","Equisetopsida","Poales","Poaceae","EXACT","Trachéophytes","Angiospermes","Autres",3,"Panicum dichotomiflorum",2705144,"SPECIES","Panicum dichotomiflorum Michx.","Tracheophyta","Poales","Poaceae","SYNONYM"
"Papaver argemone","Papaver argemone",117874,"ES","Papaver argemone L., 1753","Equisetopsida","Ranunculales","Papaveraceae","EXACT","Trachéophytes","Angiospermes","Autres",3,"Roemeria argemone",5531435,"SPECIES","Roemeria argemone (L.) C.Morales, R.Mend. & Romero García","Tracheophyta","Ranunculales","Papaveraceae","SYNONYM"
"Papaver hybridum","Papaver hybridum",1019750,"ES","Papaver hybridum L., 1753","Equisetopsida","Ranunculales","Papaveraceae","EXACT","Trachéophytes","Angiospermes","Autres",3,"Roemeria hispida",9587676,"SPECIES","Roemeria hispida Stace","Tracheophyta","Ranunculales","Papaveraceae","SYNONYM"
"Paspalum dilatum","Paspalum dilatatum",112482,"ES","Paspalum dilatatum Poir., 1804","Equisetopsida","Poales","Poaceae","FUZZY","Trachéophytes","Angiospermes","Autres",3,"Paspalum dilatatum",2705565,"SPECIES","Paspalum dilatatum Poir.","Tracheophyta","Poales","Poaceae","EXACT_ACCEPTED"
"Persicaria hydropiper","Persicaria hydropiper",112738,"ES","Persicaria hydropiper (L.) Delarbre, 1800","Equisetopsida","Caryophyllales","Polygonaceae","EXACT","Trachéophytes","Angiospermes","Autres",3,"Persicaria hydropiper",8323622,"SPECIES","Persicaria hydropiper (L.) Spach","Tracheophyta","Caryophyllales","Polygonaceae","SYNONYM"
"Persicaria lapathifolia","Persicaria lapathifolia",112741,"ES","Persicaria lapathifolia (L.) Delarbre, 1800","Equisetopsida","Caryophyllales","Polygonaceae","EXACT","Trachéophytes","Angiospermes","Autres",3,"Persicaria lapathifolia",7820611,"SPECIES","Persicaria lapathifolia (L.) Delarbre","Tracheophyta","Caryophyllales","Polygonaceae","EXACT_DOUBTFUL"
"Petrorhargia prolifera","Petrorhagia prolifera",112808,"ES","Petrorhagia prolifera (L.) P.W.Ball & Heywood, 1964","Equisetopsida","Caryophyllales","Caryophyllaceae","FUZZY","Trachéophytes","Angiospermes","Autres",3,"Petrorhagia prolifera",3085619,"SPECIES","Petrorhagia prolifera (L.) P.W.Ball & Heywood","Tracheophyta","Caryophyllales","Caryophyllaceae","EXACT_ACCEPTED"
"Phillyrea media","Phillyrea media",113151,"ES","Phillyrea media L., 1759","Equisetopsida","Lamiales","Oleaceae","EXACT","Trachéophytes","Angiospermes","Autres",3,"Phillyrea latifolia",7325923,"SPECIES","Phillyrea latifolia L.","Tracheophyta","Lamiales","Oleaceae","SYNONYM"
"Phleum nodosum","Phleum nodosum",113212,"ES","Phleum nodosum L., 1759","Equisetopsida","Poales","Poaceae","EXACT","Trachéophytes","Angiospermes","Autres",3,"Phleum pratense",9014945,"SPECIES","Phleum pratense L.","Tracheophyta","Poales","Poaceae","SYNONYM"
"Physalis alkekengi","Physalis alkekengi",81291,"ES","Physalis alkekengi L., 1753","Equisetopsida","Solanales","Solanaceae","EXACT","Trachéophytes","Angiospermes","Autres",3,"Alkekengi officinarum",3797084,"SPECIES","Alkekengi officinarum Moench","Tracheophyta","Solanales","Solanaceae","SYNONYM"
"Picris angustifolia","Iris angustifolia",103777,"ES","Iris angustifolia Gilib., 1792","Equisetopsida","Asparagales","Iridaceae","FUZZY","Trachéophytes","Angiospermes","Autres",3,"Iris sibirica",5298126,"SPECIES","Iris sibirica L.","Tracheophyta","Asparagales","Iridaceae","SYNONYM"
"Picris echioides","Picris echioides",101210,"ES","Picris echioides L., 1753","Equisetopsida","Asterales","Asteraceae","EXACT","Trachéophytes","Angiospermes","Autres",3,"Helminthotheca echioides",3141855,"SPECIES","Helminthotheca echioides (L) Holub","Tracheophyta","Asterales","Asteraceae","SYNONYM"
"Pilosella officinarum","Pilosella officinarum",113525,"ES","Pilosella officinarum F.W.Schultz & Sch.Bip., 1862","Equisetopsida","Asterales","Asteraceae","EXACT","Trachéophytes","Angiospermes","Autres",3,"Pilosella officinarum",7874303,"SPECIES","Pilosella officinarum F.W.Schultz & Sch.Bip., 1862","Tracheophyta","Asterales","Asteraceae","EXACT_DOUBTFUL"
"Pimpinella","Pimpinella",196286,"GN","Pimpinella L., 1753","Equisetopsida","Apiales","Apiaceae","EXACT","Trachéophytes","Angiospermes","Autres",3,"Pimpinella",3034784,"GENUS","Pimpinella L.","Tracheophyta","Apiales","Apiaceae","EXACT_DOUBTFUL"
"Pisum","Pisum",196319,"GN","Pisum L., 1753","Equisetopsida","Fabales","Fabaceae","EXACT","Trachéophytes","Angiospermes","Autres",3,"Lathyrus",10356062,"GENUS","Lathyrus L.","Tracheophyta","Fabales","Fabaceae","SYNONYM"
"Pisum sativum","Pisum sativum",113778,"ES","Pisum sativum L., 1753","Equisetopsida","Fabales","Fabaceae","EXACT","Trachéophytes","Angiospermes","Autres",3,"Lathyrus oleraceus",5347846,"SPECIES","Lathyrus oleraceus Lam.","Tracheophyta","Fabales","Fabaceae","SYNONYM"
"Pisum sativum arvense","Pisum sativum subsp. arvense",138869,"SSES","Pisum sativum subsp. arvense (L.) Asch. & Graebn., 1910","Equisetopsida","Fabales","Fabaceae","EXACT","Trachéophytes","Angiospermes","Autres",3,"Lathyrus oleraceus",5347846,"SPECIES","Lathyrus oleraceus Lam.","Tracheophyta","Fabales","Fabaceae","SYNONYM"
"Pisum sativum sativum","Pisum sativum subsp. sativum",138869,"SSES","Pisum sativum subsp. sativum L., 1753","Equisetopsida","Fabales","Fabaceae","EXACT","Trachéophytes","Angiospermes","Autres",3,"Lathyrus oleraceus oleraceus",10683509,"VARIETY","Lathyrus oleraceus var. oleraceus","Tracheophyta","Fabales","Fabaceae","SYNONYM"
"Poa angustifolia","Poa angustifolia",114312,"ES","Poa angustifolia Wahlenb., 1820","Equisetopsida","Poales","Poaceae","EXACT","Trachéophytes","Angiospermes","Autres",3,"Poa palustris",2704261,"SPECIES","Poa palustris L.","Tracheophyta","Poales","Poaceae","SYNONYM"
"Poa latifolia","Poa latifolia",114153,"ES","Poa latifolia Pohl, 1809","Equisetopsida","Poales","Poaceae","EXACT","Trachéophytes","Angiospermes","Autres",3,"Poa chaixii",2704211,"SPECIES","Poa chaixii Vill.","Tracheophyta","Poales","Poaceae","SYNONYM"
"Poa pratensis angustifolia","Poa pratensis subsp. angustifolia",139008,"SSES","Poa pratensis subsp. angustifolia (L.) Dumort., 1824","Equisetopsida","Poales","Poaceae","EXACT","Trachéophytes","Angiospermes","Autres",3,"Poa angustifolia",4128839,"SPECIES","Poa angustifolia L.","Tracheophyta","Poales","Poaceae","SYNONYM"
"Poaceae sp","Poaceae",187444,"FM","Poaceae Barnhart, 1895","Equisetopsida","Poales","Poaceae","FUZZY","Trachéophytes","Angiospermes","Autres",3,"Poaceae",3073,"FAMILY","Poaceae","Tracheophyta","Poales","Poaceae","EXACT_ACCEPTED"
"Podospermum laciniatum","Podospermum laciniatum",114468,"ES","Podospermum laciniatum (L.) DC., 1805","Equisetopsida","Asterales","Asteraceae","EXACT","Trachéophytes","Angiospermes","Autres",3,"Scorzonera laciniata",8286501,"SPECIES","Scorzonera laciniata L.","Tracheophyta","Asterales","Asteraceae","SYNONYM"
"Podospermum picroides",NA,NA,NA,NA,NA,NA,NA,"NOT FOUND",NA,NA,NA,NA,NA,NA,NA,NA,NA,NA,NA,"NONE_NA"
"Polycnemum majus","Polycnemum majus",114520,"ES","Polycnemum majus A.Braun ex Bogenh., 1841","Equisetopsida","Caryophyllales","Amaranthaceae","EXACT","Trachéophytes","Angiospermes","Autres",3,"Polycnemum majus",6447704,"SPECIES","Polycnemum majus A.Braun","Tracheophyta","Caryophyllales","Amaranthaceae","SYNONYM"
"Polygonum amphibium","Polygonum amphibium",112727,"ES","Polygonum amphibium L., 1753","Equisetopsida","Caryophyllales","Polygonaceae","EXACT","Trachéophytes","Angiospermes","Autres",3,"Persicaria amphibia",6391648,"SPECIES","Persicaria amphibia (L.) Gray","Tracheophyta","Caryophyllales","Polygonaceae","SYNONYM"
"Polygonum persicaria","Polygonum persicaria",112745,"ES","Polygonum persicaria L., 1753","Equisetopsida","Caryophyllales","Polygonaceae","EXACT","Trachéophytes","Angiospermes","Autres",3,"Persicaria maculosa",6391194,"SPECIES","Persicaria maculosa Gray","Tracheophyta","Caryophyllales","Polygonaceae","SYNONYM"
"Portulaca oleraceae","Portulaca oleracea",115215,"ES","Portulaca oleracea L., 1753","Equisetopsida","Caryophyllales","Portulacaceae","FUZZY","Trachéophytes","Angiospermes","Autres",3,"Portulaca oleracea",3084719,"SPECIES","Portulaca oleracea L.","Tracheophyta","Caryophyllales","Portulacaceae","EXACT_ACCEPTED"
"Potentilla anserina","Potentilla anserina",83714,"ES","Potentilla anserina L., 1753","Equisetopsida","Rosales","Rosaceae","EXACT","Trachéophytes","Angiospermes","Autres",3,"Argentina anserina anserina",7272211,"SUBSPECIES","Argentina anserina subsp. anserina","Tracheophyta","Rosales","Rosaceae","SYNONYM"
"Primula elatior","Primula elatior",115865,"ES","Primula elatior (L.) Hill, 1765","Equisetopsida","Ericales","Primulaceae","EXACT","Trachéophytes","Angiospermes","Autres",3,"Primula elatior elatior",7290697,"SUBSPECIES","Primula elatior subsp. elatior","Tracheophyta","Ericales","Primulaceae","SYNONYM"
"Prunella alba","Prunella alba",115998,"ES","Prunella alba Pall. ex M. Bieb., 1808","Equisetopsida","Lamiales","Lamiaceae","EXACT","Trachéophytes","Angiospermes","Autres",3,"Prunella laciniata",5341296,"SPECIES","Prunella laciniata (L.) L.","Tracheophyta","Lamiales","Lamiaceae","SYNONYM"
"Prunus dulcis","Prunus dulcis",116068,"ES","Prunus dulcis (Mill.) D.A.Webb, 1967","Equisetopsida","Rosales","Rosaceae","EXACT","Trachéophytes","Angiospermes","Autres",3,"Prunus amygdalus",3020980,"SPECIES","Prunus amygdalus Batsch","Tracheophyta","Rosales","Rosaceae","SYNONYM"
"Psilurus incurvus","Psilurus incurvus",116225,"ES","Psilurus incurvus (Gouan) Schinz & Thell., 1913","Equisetopsida","Poales","Poaceae","EXACT","Trachéophytes","Angiospermes","Autres",3,"Festuca incurva",9293592,"SPECIES","Festuca incurva (Gouan) Gutermann","Tracheophyta","Poales","Poaceae","SYNONYM"
"Ranunculus parviflorus","Ranunculus parviflorus",117156,"ES","Ranunculus parviflorus L., 1758","Equisetopsida","Ranunculales","Ranunculaceae","EXACT","Trachéophytes","Angiospermes","Autres",3,"Ranunculus parviflorus",3033434,"SPECIES","Ranunculus parviflorus L.","Tracheophyta","Ranunculales","Ranunculaceae","EXACT_DOUBTFUL"
"Ridolfia segetum","Ridolfia segetum",117820,"ES","Ridolfia segetum (Guss.) Moris, 1842","Equisetopsida","Apiales","Apiaceae","EXACT","Trachéophytes","Angiospermes","Autres",3,"Anethum ridolfia",11921804,"SPECIES","Anethum ridolfia Spalik & Reduron","Tracheophyta","Apiales","Apiaceae","SYNONYM"
"Rosa sempervirens","Rosa sempervirens",118299,"ES","Rosa sempervirens Siebold & Zucc., 1844","Equisetopsida","Rosales","Rosaceae","EXACT","Trachéophytes","Angiospermes","Autres",7,"Rosa sempervirens",8048980,"SPECIES","Rosa sempervirens Siebold & Zucc.","Tracheophyta","Rosales","Rosaceae","EXACT_DOUBTFUL"
"Rosmarinus officinalis","Rosmarinus officinalis",1027822,"ES","Rosmarinus officinalis L., 1753","Equisetopsida","Lamiales","Lamiaceae","EXACT","Trachéophytes","Angiospermes","Autres",3,"Salvia rosmarinus",10902460,"SPECIES","Salvia rosmarinus Spenn.","Tracheophyta","Lamiales","Lamiaceae","SYNONYM"
"Rumex thyrsiflorus","Rumex thyrsiflorus",119595,"ES","Rumex thyrsiflorus Fingerh., 1829","Equisetopsida","Caryophyllales","Polygonaceae","FUZZY","Trachéophytes","Angiospermes","Autres",3,"Rumex thyrsiflorus",6391417,"SPECIES","Rumex thyrsiflorus Fingerh.","Tracheophyta","Caryophyllales","Polygonaceae","EXACT_ACCEPTED"
"Rumex thyrsoides","Rumex thyrsoides",119513,"ES","Rumex thyrsoides Gren. & Godr., 1856","Equisetopsida","Caryophyllales","Polygonaceae","EXACT","Trachéophytes","Angiospermes","Autres",3,"Rumex intermedius intermedius",7291226,"SUBSPECIES","Rumex intermedius subsp. intermedius","Tracheophyta","Caryophyllales","Polygonaceae","SYNONYM"
"Sanguisorba minor","Sanguisorba minor",115789,"ES","Sanguisorba minor Scop., 1771","Equisetopsida","Rosales","Rosaceae","EXACT","Trachéophytes","Angiospermes","Autres",3,"Poterium sanguisorba sanguisorba",7220805,"SUBSPECIES","Poterium sanguisorba subsp. sanguisorba","Tracheophyta","Rosales","Rosaceae","SYNONYM"
"Sanguisorba minor verrucosa","Sanguisorba minor subsp. verrucosa",115792,"SSES","Sanguisorba minor subsp. verrucosa (Link ex G.Don) Cout., 1913","Equisetopsida","Rosales","Rosaceae","EXACT","Trachéophytes","Angiospermes","Autres",3,"Poterium verrucosum",5370457,"SPECIES","Poterium verrucosum Link ex G.Don","Tracheophyta","Rosales","Rosaceae","SYNONYM"
"Scabiosa atropurpurea","Scabiosa atropurpurea",121316,"ES","Scabiosa atropurpurea L., 1753","Equisetopsida","Dipsacales","Caprifoliaceae","EXACT","Trachéophytes","Angiospermes","Autres",3,"Sixalix atropurpurea atropurpurea",7301011,"SUBSPECIES","Sixalix atropurpurea subsp. atropurpurea","Tracheophyta","Dipsacales","Caprifoliaceae","SYNONYM"
"Scabiosa maritima","Scabiosa maritima",121316,"ES","Scabiosa maritima L., 1756","Equisetopsida","Dipsacales","Caprifoliaceae","EXACT","Trachéophytes","Angiospermes","Autres",3,"Sixalix maritima",7774867,"SPECIES","Sixalix maritima (L.) Rottenst.","Tracheophyta","Dipsacales","Caprifoliaceae","SYNONYM"
"Schedonorus arundinaceus","Schedonorus arundinaceus",717533,"ES","Schedonorus arundinaceus (Schreb.) Dumort., 1824","Equisetopsida","Poales","Poaceae","EXACT","Trachéophytes","Angiospermes","Autres",3,"Lolium arundinaceum",2706231,"SPECIES","Lolium arundinaceum (Schreb.) Darbysh.","Tracheophyta","Poales","Poaceae","SYNONYM"
"Schedonorus giganteus","Schedonorus giganteus",121471,"ES","Schedonorus giganteus (L.) Holub, 1998","Equisetopsida","Poales","Poaceae","EXACT","Trachéophytes","Angiospermes","Autres",3,"Lolium giganteum",8368313,"SPECIES","Lolium giganteum (L.) Darbysh.","Tracheophyta","Poales","Poaceae","SYNONYM"
"Schedonorus pratensis","Schedonorus pratensis",121479,"ES","Schedonorus pratensis (Huds.) P.Beauv., 1812","Equisetopsida","Poales","Poaceae","EXACT","Trachéophytes","Angiospermes","Autres",3,"Lolium pratense",2706237,"SPECIES","Lolium pratense (Huds.) Darbysh.","Tracheophyta","Poales","Poaceae","SYNONYM"
"Scirpus silvaticus","Scirpus sylvaticus",121792,"ES","Scirpus sylvaticus L., 1753","Equisetopsida","Poales","Cyperaceae","FUZZY","Trachéophytes","Angiospermes","Autres",3,"Scirpus sylvaticus",2720080,"SPECIES","Scirpus sylvaticus L.","Tracheophyta","Poales","Cyperaceae","EXACT_ACCEPTED"
"Scorpiurus subvillosus","Scorpiurus subvillosus",121929,"ES","Scorpiurus subvillosus L., 1753","Equisetopsida","Fabales","Fabaceae","EXACT","Trachéophytes","Angiospermes","Autres",3,"Scorpiurus muricatus",5358302,"SPECIES","Scorpiurus muricatus L.","Tracheophyta","Fabales","Fabaceae","SYNONYM"
"Sedum sediforme","Sedum sediforme",112817,"ES","Sedum sediforme (Jacq.) Pau, 1909","Equisetopsida","Saxifragales","Crassulaceae","EXACT","Trachéophytes","Angiospermes","Autres",3,"Petrosedum sediforme sediforme",11206887,"SUBSPECIES","Petrosedum sediforme subsp. sediforme","Tracheophyta","Saxifragales","Crassulaceae","SYNONYM"
"Senecio gallicus","Senecio gallicus",122611,"ES","Senecio gallicus Vill., 1785","Equisetopsida","Asterales","Asteraceae","EXACT","Trachéophytes","Angiospermes","Autres",3,"Senecio gallicus",8004929,"SPECIES","Senecio gallicus Vill., 1785","Tracheophyta","Asterales","Asteraceae","EXACT_DOUBTFUL"
"Senecio jacobaea","Senecio jacobaea",610646,"ES","Senecio jacobaea L., 1753","Equisetopsida","Asterales","Asteraceae","EXACT","Trachéophytes","Angiospermes","Autres",3,"Jacobaea vulgaris vulgaris",7222764,"SUBSPECIES","Jacobaea vulgaris subsp. vulgaris","Tracheophyta","Asterales","Asteraceae","SYNONYM"
"Senecio jacobea","Senecio jacobaea",610646,"ES","Senecio jacobaea L., 1753","Equisetopsida","Asterales","Asteraceae","FUZZY","Trachéophytes","Angiospermes","Autres",3,"Jacobaea vulgaris vulgaris",7222764,"SUBSPECIES","Jacobaea vulgaris subsp. vulgaris","Tracheophyta","Asterales","Asteraceae","SYNONYM"
"Setaria glauca","Setaria glauca",717119,"ES","Setaria glauca (L.) P.Beauv., 1812","Equisetopsida","Poales","Poaceae","EXACT","Trachéophytes","Angiospermes","Autres",3,"Cenchrus americanus",5828197,"SPECIES","Cenchrus americanus (L.) Morrone","Tracheophyta","Poales","Poaceae","SYNONYM"
"Setaria italica italica","Setaria italica subsp. italica",718414,"SSES","Setaria italica subsp. italica (L.) P.Beauv., 1812","Equisetopsida","Poales","Poaceae","EXACT","Trachéophytes","Angiospermes","Autres",3,"Setaria italica",5289698,"SPECIES","Setaria italica (L.) P.Beauv.","Tracheophyta","Poales","Poaceae","SYNONYM"
"Setaria italica viridis","Setaria italica subsp. viridis",718292,"SSES","Setaria italica subsp. viridis (L.) Thell., 1912","Equisetopsida","Poales","Poaceae","EXACT","Trachéophytes","Angiospermes","Autres",3,"Setaria viridis",5289684,"SPECIES","Setaria viridis (L.) P.Beauv.","Tracheophyta","Poales","Poaceae","SYNONYM"
"Sheradia arvensis","Sherardia arvensis",123164,"ES","Sherardia arvensis L., 1753","Equisetopsida","Gentianales","Rubiaceae","FUZZY","Trachéophytes","Angiospermes","Autres",3,"Sherardia arvensis",5339050,"SPECIES","Sherardia arvensis L.","Tracheophyta","Gentianales","Rubiaceae","EXACT_ACCEPTED"
"Silena gallica","Silene gallica",123485,"ES","Silene gallica L., 1753","Equisetopsida","Caryophyllales","Caryophyllaceae","FUZZY","Trachéophytes","Angiospermes","Autres",3,"Silene gallica",5384848,"SPECIES","Silene gallica L.","Tracheophyta","Caryophyllales","Caryophyllaceae","EXACT_ACCEPTED"
"Silene alba","Silene alba",123522,"ES","Silene alba (Mill.) E.H.L.Krause, 1901","Equisetopsida","Caryophyllales","Caryophyllaceae","EXACT","Trachéophytes","Angiospermes","Autres",3,"Silene latifolia alba",5586736,"SUBSPECIES","Silene latifolia subsp. alba (Mill.) Greuter & Burdet","Tracheophyta","Caryophyllales","Caryophyllaceae","SYNONYM"
"Silene latifolia","Silene latifolia",85017,"ES","Silene latifolia Gray, 1821","Equisetopsida","Caryophyllales","Caryophyllaceae","EXACT","Trachéophytes","Angiospermes","Autres",3,"Atocion armeria",7268098,"SPECIES","Atocion armeria (L.) Raf.","Tracheophyta","Caryophyllales","Caryophyllaceae","SYNONYM"
"Spergula segetalis","Spergula segetalis",124583,"ES","Spergula segetalis (L.) Vill., 1789","Equisetopsida","Caryophyllales","Caryophyllaceae","EXACT","Trachéophytes","Angiospermes","Autres",3,"Spergularia segetalis",3811644,"SPECIES","Spergularia segetalis (L.) G.Don","Tracheophyta","Caryophyllales","Caryophyllaceae","SYNONYM"
"Sporobulus","Sporobolus",197891,"GN","Sporobolus R. Br., 1810","Equisetopsida","Poales","Poaceae","FUZZY","Trachéophytes","Angiospermes","Autres",3,"Sporobolus",2704744,"GENUS","Sporobolus R.Br.","Tracheophyta","Poales","Poaceae","EXACT_ACCEPTED"
"Stachys officinalis","Stachys officinalis",85852,"ES","Stachys officinalis (L.) Trevis., 1842","Equisetopsida","Lamiales","Lamiaceae","EXACT","Trachéophytes","Angiospermes","Autres",3,"Betonica officinalis",2927280,"SPECIES","Betonica officinalis L.","Tracheophyta","Lamiales","Lamiaceae","SYNONYM"
"Stellaria holostea","Stellaria holostea",999933,"ES","Stellaria holostea L., 1753","Equisetopsida","Caryophyllales","Caryophyllaceae","EXACT","Trachéophytes","Angiospermes","Autres",3,"Rabelera holostea",11071158,"SPECIES","Rabelera holostea (L.) M.T.Sharples & E.A.Tripp","Tracheophyta","Caryophyllales","Caryophyllaceae","SYNONYM"
"Stellaria pallida","Stellaria pallida",125023,"ES","Stellaria pallida (Dumort.) Piré, 1863","Equisetopsida","Caryophyllales","Caryophyllaceae","EXACT","Trachéophytes","Angiospermes","Autres",3,"Stellaria apetala",8311921,"SPECIES","Stellaria apetala Bernardino","Tracheophyta","Caryophyllales","Caryophyllaceae","SYNONYM"
"Taraxacum","Taraxacum",198226,"GN","Taraxacum F.H. Wigg., 1780","Equisetopsida","Asterales","Asteraceae","EXACT","Trachéophytes","Angiospermes","Autres",3,"Taraxacum",8322495,"GENUS","Taraxacum F.H.Wigg.","Tracheophyta","Asterales","Asteraceae","EXACT_DOUBTFUL"
"Thlapsi arvense","Thlaspi arvense",126332,"ES","Thlaspi arvense L., 1753","Equisetopsida","Brassicales","Brassicaceae","FUZZY","Trachéophytes","Angiospermes","Autres",3,"Thlaspi arvense",3052680,"SPECIES","Thlaspi arvense L.","Tracheophyta","Brassicales","Brassicaceae","EXACT_ACCEPTED"
"Thlaspi alliaceum","Thlaspi alliaceum",126322,"ES","Thlaspi alliaceum L., 1753","Equisetopsida","Brassicales","Brassicaceae","EXACT","Trachéophytes","Angiospermes","Autres",3,"Mummenhoffia alliacea",10944522,"SPECIES","Mummenhoffia alliacea (L.) Esmailbegi & Al-Shehbaz","Tracheophyta","Brassicales","Brassicaceae","SYNONYM"
"Thlaspi perfoliatum","Thlaspi perfoliatum",108522,"ES","Thlaspi perfoliatum L., 1753","Equisetopsida","Brassicales","Brassicaceae","EXACT","Trachéophytes","Angiospermes","Autres",3,"Noccaea perfoliata",7639623,"SPECIES","Noccaea perfoliata (L.) Al-Shehbaz","Tracheophyta","Brassicales","Brassicaceae","SYNONYM"
"Trifolium campestre","Trifolium campestre",127233,"ES","Trifolium campestre C.C.Gmel., 1808","Equisetopsida","Fabales","Fabaceae","EXACT","Trachéophytes","Angiospermes","Autres",3,"Trifolium aureum",5359060,"SPECIES","Trifolium aureum Pollich","Tracheophyta","Fabales","Fabaceae","SYNONYM"
"Trifolium campestris","Trifolium campestre",127233,"ES","Trifolium campestre C.C.Gmel., 1808","Equisetopsida","Fabales","Fabaceae","FUZZY","Trachéophytes","Angiospermes","Autres",3,"Trifolium aureum",5359060,"SPECIES","Trifolium aureum Pollich","Tracheophyta","Fabales","Fabaceae","SYNONYM"
"Trigonella alba","Trigonella alba",107886,"ES","Trigonella alba (Medik.) Coulot & Rabaute, 2013","Equisetopsida","Fabales","Fabaceae","EXACT","Trachéophytes","Angiospermes","Autres",3,"Melilotus albus",2971095,"SPECIES","Melilotus albus Medik.","Tracheophyta","Fabales","Fabaceae","SYNONYM"
"Trigonella altissima","Trigonella altissima",107887,"ES","Trigonella altissima (Thuill.) Coulot & Rabaute, 2013","Equisetopsida","Fabales","Fabaceae","EXACT","Trachéophytes","Angiospermes","Autres",3,"Melilotus altissimus",2971042,"SPECIES","Melilotus altissimus Thuill.","Tracheophyta","Fabales","Fabaceae","SYNONYM"
"Trigonella officinalis","Trigonella officinalis",107942,"ES","Trigonella officinalis (L.) Coulot & Rabaute, 2013","Equisetopsida","Fabales","Fabaceae","EXACT","Trachéophytes","Angiospermes","Autres",3,"Melilotus officinalis",8193111,"SPECIES","Melilotus officinalis (L.) Lam.","Tracheophyta","Fabales","Fabaceae","SYNONYM"
"Trigonella wojciechowskii","Trigonella wojciechowskii",107965,"ES","Trigonella wojciechowskii Coulot & Rabaute, 2013","Equisetopsida","Fabales","Fabaceae","EXACT","Trachéophytes","Angiospermes","Autres",3,"Melilotus neapolitanus",2971074,"SPECIES","Melilotus neapolitanus Ten.","Tracheophyta","Fabales","Fabaceae","SYNONYM"
"Tulipa agenensis","Tulipa agenensis",127915,"ES","Tulipa agenensis DC., 1804","Equisetopsida","Liliales","Liliaceae","EXACT","Trachéophytes","Angiospermes","Autres",3,"Tulipa agenensis",5299417,"SPECIES","Tulipa agenensis DC.","Tracheophyta","Liliales","Liliaceae","EXACT_DOUBTFUL"
"Tulipa billietiana","Tulipa billietiana",127921,"ES","Tulipa billietiana Jord., 1858","Equisetopsida","Liliales","Liliaceae","EXACT","Trachéophytes","Angiospermes","Autres",3,"Tulipa gesneriana",5299675,"SPECIES","Tulipa gesneriana L.","Tracheophyta","Liliales","Liliaceae","SYNONYM"
"Tulipa clusiana","Tulipa clusiana",127925,"ES","Tulipa clusiana DC., 1804","Equisetopsida","Liliales","Liliaceae","EXACT","Trachéophytes","Angiospermes","Autres",3,"Tulipa clusiana",5299471,"SPECIES","Tulipa clusiana DC.","Tracheophyta","Liliales","Liliaceae","EXACT_DOUBTFUL"
"Tulipa didieri","Tulipa didieri",127928,"ES","Tulipa didieri Jord., 1846","Equisetopsida","Liliales","Liliaceae","EXACT","Trachéophytes","Angiospermes","Autres",3,"Tulipa gesneriana",5299675,"SPECIES","Tulipa gesneriana L.","Tracheophyta","Liliales","Liliaceae","SYNONYM"
"Tulipa lortetii","Tulipa lortetii",127938,"ES","Tulipa lortetii Jord., 1858","Equisetopsida","Liliales","Liliaceae","EXACT","Trachéophytes","Angiospermes","Autres",3,"Tulipa agenensis",7792557,"SPECIES","Tulipa agenensis Redouté","Tracheophyta","Liliales","Liliaceae","SYNONYM"
"Tulipa mauriana","Tulipa mauriana",127943,"ES","Tulipa mauriana Jord. & Fourr., 1866","Equisetopsida","Liliales","Liliaceae","EXACT","Trachéophytes","Angiospermes","Autres",3,"Tulipa gesneriana",5299675,"SPECIES","Tulipa gesneriana L.","Tracheophyta","Liliales","Liliaceae","SYNONYM"
"Tulipa montisandrei","Tulipa montisandrei",127945,"ES","Tulipa montisandrei J.Prudhomme, 1994","Equisetopsida","Liliales","Liliaceae","EXACT","Trachéophytes","Angiospermes","Autres",3,"Tulipa gesneriana",5299675,"SPECIES","Tulipa gesneriana L.","Tracheophyta","Liliales","Liliaceae","SYNONYM"
"Tulipa planifolia","Tulipa planifolia",127950,"ES","Tulipa planifolia Jord., 1858","Equisetopsida","Liliales","Liliaceae","EXACT","Trachéophytes","Angiospermes","Autres",3,"Tulipa gesneriana",5299675,"SPECIES","Tulipa gesneriana L.","Tracheophyta","Liliales","Liliaceae","SYNONYM"
"Tulipa raddii","Tulipa raddii",127956,"ES","Tulipa raddii Reboul, 1822","Equisetopsida","Liliales","Liliaceae","EXACT","Trachéophytes","Angiospermes","Autres",3,"Tulipa agenensis",7792557,"SPECIES","Tulipa agenensis Redouté","Tracheophyta","Liliales","Liliaceae","SYNONYM"
"Tyrmnus leucographus","Tyrimnus leucographus",128104,"ES","Tyrimnus leucographus (L.) Cass., 1826","Equisetopsida","Asterales","Asteraceae","FUZZY","Trachéophytes","Angiospermes","Autres",3,"Tyrimnus leucographus",3096551,"SPECIES","Tyrimnus leucographus (L.) Cass.","Tracheophyta","Asterales","Asteraceae","EXACT_ACCEPTED"
"Urtica dioïca","Urtica dioica",128268,"ES","Urtica dioica L., 1753","Equisetopsida","Rosales","Urticaceae","FUZZY","Trachéophytes","Angiospermes","Autres",3,"Urtica dioica",7960979,"SPECIES","Urtica dioica L.","Tracheophyta","Rosales","Urticaceae","EXACT_ACCEPTED"
"Vaccaria hispanica","Vaccaria hispanica",100694,"ES","Vaccaria hispanica (Mill.) Rauschert, 1965","Equisetopsida","Caryophyllales","Caryophyllaceae","EXACT","Trachéophytes","Angiospermes","Autres",3,"Gypsophila vaccaria",8091998,"SPECIES","Gypsophila vaccaria (L.) Sm.","Tracheophyta","Caryophyllales","Caryophyllaceae","SYNONYM"
"Vaccaria hispanica hispanica","Vaccaria hispanica subsp. hispanica",100694,"SSES","Vaccaria hispanica subsp. hispanica (Mill.) Rauschert, 1965","Equisetopsida","Caryophyllales","Caryophyllaceae","EXACT","Trachéophytes","Angiospermes","Autres",3,"Gypsophila vaccaria",8091998,"SPECIES","Gypsophila vaccaria (L.) Sm.","Tracheophyta","Caryophyllales","Caryophyllaceae","SYNONYM"
"Vicia angustifolia","Vicia angustifolia",129109,"ES","Vicia angustifolia L., 1759","Equisetopsida","Fabales","Fabaceae","EXACT","Trachéophytes","Angiospermes","Autres",3,"Vicia sativa nigra",2975035,"SUBSPECIES","Vicia sativa subsp. nigra Ehrh.","Tracheophyta","Fabales","Fabaceae","SYNONYM"
"Vicia ciliata","Vicia",198902,"GN","Vicia L., 1753","Equisetopsida","Fabales","Fabaceae","EXACT_GBIF","Trachéophytes","Angiospermes","Autres",3,"Vicia",2974751,"GENUS","Vicia L.","Tracheophyta","Fabales","Fabaceae","HIGHERRANK_ACCEPTED"
"Vicia dasycarpa","Vicia dasycarpa",129153,"ES","Vicia dasycarpa Ten., 1829","Equisetopsida","Fabales","Fabaceae","EXACT","Trachéophytes","Angiospermes","Autres",3,"Vicia villosa varia",2974921,"SUBSPECIES","Vicia villosa subsp. varia (Host) Corb.","Tracheophyta","Fabales","Fabaceae","SYNONYM"
"Vicia fabia","Vicia faba",129171,"ES","Vicia faba L., 1753","Equisetopsida","Fabales","Fabaceae","FUZZY","Trachéophytes","Angiospermes","Autres",3,"Vicia faba",2974832,"SPECIES","Vicia faba L.","Tracheophyta","Fabales","Fabaceae","EXACT_ACCEPTED"
"Vicia pannonica purpurascens","Vicia pannonica subsp. purpurascens",129265,"SSES","Vicia pannonica subsp. purpurascens (DC.) Arcang., 1882","Equisetopsida","Fabales","Fabaceae","EXACT","Trachéophytes","Angiospermes","Autres",3,"Vicia pannonica",2974811,"SPECIES","Vicia pannonica Crantz","Tracheophyta","Fabales","Fabaceae","SYNONYM"
"Vicia segetalis","Vicia segetalis",129302,"ES","Vicia segetalis Thuill., 1799","Equisetopsida","Fabales","Fabaceae","EXACT","Trachéophytes","Angiospermes","Autres",3,"Vicia sativa nigra",2975035,"SUBSPECIES","Vicia sativa subsp. nigra Ehrh.","Tracheophyta","Fabales","Fabaceae","SYNONYM"
"Vicia villosa","Vicia villosa",129124,"ES","Vicia villosa Brot., 1804","Equisetopsida","Fabales","Fabaceae","EXACT","Trachéophytes","Angiospermes","Autres",3,"Vicia benghalensis benghalensis",7302355,"SUBSPECIES","Vicia benghalensis subsp. benghalensis","Tracheophyta","Fabales","Fabaceae","SYNONYM"
"Viola kaitaibeliana","Viola kitaibeliana",129600,"ES","Viola kitaibeliana Schult., 1819","Equisetopsida","Malpighiales","Violaceae","FUZZY","Trachéophytes","Angiospermes","Autres",3,"Viola kitaibeliana",5331342,"SPECIES","Viola kitaibeliana Schult.","Tracheophyta","Malpighiales","Violaceae","EXACT_ACCEPTED"
"Viola reichenbachiana","Viola reichenbachiana",129666,"ES","Viola reichenbachiana Jord. ex Boreau, 1857","Equisetopsida","Malpighiales","Violaceae","FUZZY","Trachéophytes","Angiospermes","Autres",3,"Viola reichenbachiana",5663962,"SPECIES","Viola reichenbachiana Jord. ex Boreau","Tracheophyta","Malpighiales","Violaceae","EXACT_ACCEPTED"
"Vulpia","Vulpia",198938,"GN","Vulpia C.C.Gmel., 1805","Equisetopsida","Poales","Poaceae","EXACT","Trachéophytes","Angiospermes","Autres",3,"Festuca",2704913,"GENUS","Festuca Tourn. ex L.","Tracheophyta","Poales","Poaceae","SYNONYM"
"Vulpia bromoides","Vulpia bromoides",129997,"ES","Vulpia bromoides (L.) Gray, 1821","Equisetopsida","Poales","Poaceae","EXACT","Trachéophytes","Angiospermes","Autres",3,"Festuca bromoides",2702740,"SPECIES","Festuca bromoides L.","Tracheophyta","Poales","Poaceae","SYNONYM"
"Vulpia ciliata","Vulpia ciliata",129993,"ES","Vulpia ciliata (Pers.) Link, 1827","Equisetopsida","Poales","Poaceae","EXACT","Trachéophytes","Angiospermes","Autres",3,"Festuca ciliata",8224452,"SPECIES","Festuca ciliata Pers.","Tracheophyta","Poales","Poaceae","SYNONYM"
"Vulpia fasciculata","Vulpia fasciculata",130005,"ES","Vulpia fasciculata (Forssk.) Fritsch, 1909","Equisetopsida","Poales","Poaceae","EXACT","Trachéophytes","Angiospermes","Autres",3,"Festuca fasciculata",4124456,"SPECIES","Festuca fasciculata Forssk.","Tracheophyta","Poales","Poaceae","SYNONYM"
"Vulpia myuros","Vulpia myuros",129993,"ES","Vulpia myuros Rchb., 1830","Equisetopsida","Poales","Poaceae","EXACT","Trachéophytes","Angiospermes","Autres",3,"Festuca alopecuros",4129351,"SPECIES","Festuca alopecuros Schousb.","Tracheophyta","Poales","Poaceae","SYNONYM"
"Vulpia unilateralis","Vulpia unilateralis",130046,"ES","Vulpia unilateralis (L.) Stace, 1978","Equisetopsida","Poales","Poaceae","EXACT","Trachéophytes","Angiospermes","Autres",3,"Festuca maritima",4120648,"SPECIES","Festuca maritima L.","Tracheophyta","Poales","Poaceae","SYNONYM"
"x Triticosecale rimpaui","x Triticosecale rimpaui",130471,"ES","x Triticosecale rimpaui Wittm., 1899","Equisetopsida","Poales","Poaceae","EXACT","Trachéophytes","Angiospermes","Autres",3,"Triticosecale rimpaui",2703326,"SPECIES","×Triticosecale rimpaui Wittm.","Tracheophyta","Poales","Poaceae","EXACT_DOUBTFUL"
"Xanthium orientale italicum","Xanthium orientale subsp. italicum",612629,"SSES","Xanthium orientale subsp. italicum (Moretti) Greuter, 2003","Equisetopsida","Asterales","Asteraceae","EXACT","Trachéophytes","Angiospermes","Autres",3,"Xanthium orientale italicum",11519882,"VARIETY","Xanthium orientale var. italicum (Moretti) M.Hassl.","Tracheophyta","Asterales","Asteraceae","SYNONYM"
"Xanthium strumarium italicum","Xanthium strumarium subsp. italicum",612629,"SSES","Xanthium strumarium subsp. italicum (Moretti) D.Löve, 1976","Equisetopsida","Asterales","Asteraceae","EXACT","Trachéophytes","Angiospermes","Autres",3,"Xanthium orientale italicum",11519882,"VARIETY","Xanthium orientale var. italicum (Moretti) M.Hassl.","Tracheophyta","Asterales","Asteraceae","SYNONYM"
"Ziziphora acinos","Ziziphora acinos",970955,"ES","Ziziphora acinos (L.) Melnikov, 2016","Equisetopsida","Lamiales","Lamiaceae","EXACT","Trachéophytes","Angiospermes","Autres",3,"Clinopodium acinos",2927118,"SPECIES","Clinopodium acinos (L.) Kuntze","Tracheophyta","Lamiales","Lamiaceae","SYNONYM"
