"accepted_taxa","original_taxa_Hodgson_2023","SLA.mm2.mg-1_Hodgson_2023","Arnode.mm2.mm-1_Hodgson_2023","Log2.canopy.height_Hodgson_2023","Log2.canopy.diameter_Hodgson_2023","Vegprop_Hodgson_2023","Lifehist_Hodgson_2023"
"Abutilon theophrasti",NA,NA,NA,NA,NA,NA,NA
"Acacia",NA,NA,NA,NA,NA,NA,NA
"Acer",NA,NA,NA,NA,NA,NA,NA
"Acer campestre",NA,NA,NA,NA,NA,NA,NA
"Acer pseudoplatanus",NA,NA,NA,NA,NA,NA,NA
"Achillea millefolium","Achillea millefolium",22.97992053,"6443.945009",5,8,"1","herb.perenn"
"Ziziphora acinos","Clinopodium acinos",19.2175,"558.66666669999995",3,3,"NA","ann"
"Adonis",NA,NA,NA,NA,NA,NA,NA
"Adonis aestivalis","Adonis aestivalis",23.72666667,"1469.0173970000001",5,5,"NA","ann"
"Adonis annua","Adonis annua",21.78750844,"5011.2761540000001",5,5,"NA","ann"
"Adonis flammea","Adonis flammea",25.26346429,"3267.2654809999999",5,5,"NA","ann"
"Aegilops",NA,NA,NA,NA,NA,NA,NA
"Aegilops biuncialis","Aegilops lorentii",17.04333333,"1562.7894739999999",3,3,"NA","ann"
"Aegilops cylindrica","Aegilops cylindrica",23.53198254,"3203.1161219999999",4,4,"NA","ann"
"Aegilops geniculata","Aegilops geniculata",25.83944784,"829.4236631",3,3,"NA","ann"
"Aegilops neglecta","Aegilops neglecta",16.6,"865.29411760000005",3,3,"NA","ann"
"Aegilops triuncialis","Aegilops triuncialis",22.00871212,"832.16666669999995",4,4,"NA","ann"
"Aethusa cynapium","Aethusa cynapium",33.39294557,"21337.830910000001",6,6,"NA","ann"
"Aethusa cynapium subsp. cynapium",NA,NA,NA,NA,NA,NA,NA
"Aremonia agrimonoides agrimonoides",NA,NA,NA,NA,NA,NA,NA
"Agrimonia eupatoria","Agrimonia eupatoria",19.523,"49644.369749999998",6,8,"0","herb.perenn"
"Agrostemma githago","Agrostemma githago",17.65875,"8036.9539750000004",6,5,"NA","ann"
"Agrostis",NA,NA,NA,NA,NA,NA,NA
"Agrostis capillaris","Agrostis capillaris",28.59363636,"3733.333333",5,6,"0","herb.perenn"
"Agrostis stolonifera","Agrostis stolonifera",29.20397949,"2592.355384",3,9,"1","herb.perenn"
"Ailanthus altissima",NA,NA,NA,NA,NA,NA,NA
"Aira caryophyllea",NA,NA,NA,NA,NA,NA,NA
"Aira multiculmis",NA,NA,NA,NA,NA,NA,NA
"Ajuga chamaepitys","Ajuga chamaepitys subsp. chamaepitys",18.1725,"690.61492539999995",4,6,"NA","ann"
"Ajuga genevensis",NA,NA,NA,NA,NA,NA,NA
"Ajuga iva",NA,NA,NA,NA,NA,NA,NA
"Ajuga reptans","Ajuga reptans",22.64375,"7519.671593",4,9,"1","herb.perenn"
"Alcea rosea",NA,NA,NA,NA,NA,NA,NA
"Alliaria petiolata","Alliaria petiolata",36.26914286,"63170.85",7,5,"NA","bienn"
"Allium",NA,NA,NA,NA,NA,NA,NA
"Allium ampeloprasum",NA,NA,NA,NA,NA,NA,NA
"Allium cepa",NA,NA,NA,NA,NA,NA,NA
"Allium cyrilli",NA,NA,NA,NA,NA,NA,NA
"Allium cyrilli",NA,NA,NA,NA,NA,NA,NA
"Allium oleraceum",NA,NA,NA,NA,NA,NA,NA
"Allium pallens",NA,NA,NA,NA,NA,NA,NA
"Allium longispathum",NA,NA,NA,NA,NA,NA,NA
"Allium ampeloprasum",NA,NA,NA,NA,NA,NA,NA
"Allium roseum",NA,NA,NA,NA,NA,NA,NA
"Allium rotundum",NA,NA,NA,NA,NA,NA,NA
"Allium scaberrimum",NA,NA,NA,NA,NA,NA,NA
"Allium scorodoprasum",NA,NA,NA,NA,NA,NA,NA
"Allium sphaerocephalon",NA,NA,NA,NA,NA,NA,NA
"Allium vineale","Allium vineale",18.71,"2987.5",5,5,"1","herb.perenn"
"Alopecurus myosuroides","Alopecurus myosuroides",29.36366302,"2701.0428980000002",6,5,"NA","ann"
"Alopecurus pratensis","Alopecurus pratensis",28.15428571,"5841.5094339999996",6,8,"0","herb.perenn"
"Alopecurus rendlei","Alopecurus utriculatus",30.74236111,"551.83783779999999",5,4,"NA","ann"
"Althaea cannabina",NA,NA,NA,NA,NA,NA,NA
"Althaea officinalis",NA,NA,NA,NA,NA,NA,NA
"Alyssum alyssoides","Alyssum alyssoides",20.80402567,"118.9071129",4,4,"NA","ann"
"Alyssum montanum",NA,NA,NA,NA,NA,NA,NA
"Alyssum simplex","Alyssum simplex",14.52667702,"446.91358020000001",4,4,"NA","ann"
"Amaranthus",NA,NA,NA,NA,NA,NA,NA
"Amaranthus albus",NA,NA,NA,NA,NA,NA,NA
"Amaranthus blitoides","Amaranthus blitoides",24.69,"850.54487180000001",4,7,"NA","ann"
"Amaranthus blitum","Amaranthus blitum",36.18333333,"1810.869565",6,7,"NA","ann"
"Amaranthus deflexus",NA,NA,NA,NA,NA,NA,NA
"Amaranthus hybridus","Amaranthus hybridus",22.575,"20300.099999999999",7,6,"NA","ann"
"Amaranthus powellii",NA,NA,NA,NA,NA,NA,NA
"Amaranthus powellii",NA,NA,NA,NA,NA,NA,NA
"Amaranthus retroflexus","Amaranthus retroflexus",17.3275,"18688.80747",7,6,"NA","ann"
"Ambrosia artemisiifolia",NA,NA,NA,NA,NA,NA,NA
"Ambrosia psilostachya",NA,NA,NA,NA,NA,NA,NA
"Ammi majus","Ammi majus",23.33666667,"21448.356159999999",5,5,"NA","ann"
"Anacamptis morio",NA,NA,NA,NA,NA,NA,NA
"Anacamptis pyramidalis",NA,NA,NA,NA,NA,NA,NA
"Anacyclus clavatus","Anacyclus clavatus",22.794,"1623.7593979999999",5,7,"NA","ann"
"Anacyclus radiatus",NA,NA,NA,NA,NA,NA,NA
"Lysimachia arvensis","Anagallis arvensis  subsp. arvensis",33.97666667,"1485.3724050000001",4,6,"NA","ann"
"Lysimachia foemina","Anagallis arvensis  subsp. foemina",34.095,"1077.934426",4,6,"NA","ann"
"Lycopsis arvensis",NA,NA,NA,NA,NA,NA,NA
"Anchusa azurea","Anchusa azurea",16.42,"7715.7197969999997",6,7,"1","herb.perenn"
"Anchusa azurea","Anchusa azurea",16.42,"7715.7197969999997",6,7,"1","herb.perenn"
"Anchusa officinalis","Anchusa officinalis",21.19444444,"7300.169492",6,6,"0","herb.perenn"
"Androsace elongata",NA,NA,NA,NA,NA,NA,NA
"Androsace maxima","Androsace maxima",20.464,"308.4680851",2,3,"NA","ann"
"Andryala integrifolia","Andryala integrifolia",26.02675871,"9383.6134450000009",6,6,"NA","ann"
"Anemone coronaria",NA,NA,NA,NA,NA,NA,NA
"Anethum graveolens","Anethum graveolens",29.81333333,"15561.86441",5,5,"NA","ann"
"Anisantha diandra","Bromus diandrus",27.2763125,"5319.3277310000003",6,5,"NA","ann"
"Anisantha madritensis","Bromus madritensis",29.21586522,"3046.8946799999999",5,4,"NA","ann"
"Anisantha rubens","Bromus rigidus",28.13558126,"5680.9868029999998",5,4,"NA","ann"
"Anisantha sterilis","Avena sterilis",25.778,"9325.8545450000001",7,6,"NA","ann"
"Anisantha tectorum","Bromus tectorum",34.0493165,"3230.2042889999998",5,4,"NA","ann"
"Antennaria dioica",NA,NA,NA,NA,NA,NA,NA
"Anthemis",NA,NA,NA,NA,NA,NA,NA
"Anthemis arvensis","Anthemis arvensis",25.375,"765.30405410000003",5,6,"NA","ann"
"Anthemis arvensis subsp. arvensis",NA,NA,NA,NA,NA,NA,NA
"Anthemis austriaca",NA,NA,NA,NA,NA,NA,NA
"Anthemis cotula","Anthemis cotula",27.06333333,"841.1959799",5,6,"NA","ann"
"Anthemis maritima",NA,NA,NA,NA,NA,NA,NA
"Anthoxanthum aristatum",NA,NA,NA,NA,NA,NA,NA
"Anthoxanthum odoratum","Anthoxanthum odoratum",26.78,"5790",5,5,"0","herb.perenn"
"Anthriscus caucalis","Anthriscus caucalis",39.04714286,"53616.73846",6,6,"NA","ann"
"Anthriscus cerefolium",NA,NA,NA,NA,NA,NA,NA
"Anthriscus sylvestris","Anthriscus sylvestris",29.6025,"127902.72380000001",7,7,"0","herb.perenn"
"Anthyllis vulneraria",NA,NA,NA,NA,NA,NA,NA
"Antirrhinum majus",NA,NA,NA,NA,NA,NA,NA
"Apera interrupta","Apera interrupta",22.245,"655.73214289999999",5,4,"NA","ann"
"Apera spica-venti","Apera spica-venti",18.712,"4377.2897199999998",6,5,"NA","ann"
"Aphanes arvensis","Aphanes arvensis",23.38875,"424.83072920000001",3,5,"NA","ann"
"Aphanes australis","Aphanes australis",31.85285714,"377.9684211",3,5,"NA","ann"
"Aphyllanthes monspeliensis",NA,NA,NA,NA,NA,NA,NA
"Apiaceae",NA,NA,NA,NA,NA,NA,NA
"Arabidopsis arenosa",NA,NA,NA,NA,NA,NA,NA
"Arabidopsis thaliana","Arabidopsis thaliana",34.232,"1185.1184209999999",2,3,"NA","ann"
"Arctium lappa","Arctium lappa",23.624,"732465.31429999997",7,8,"NA","bienn"
"Arctium minus",NA,NA,NA,NA,NA,NA,NA
"Arenaria leptoclados","Arenaria serpyllifolia  subsp. leptoclados",21.835,"159.63636360000001",4,4,"NA","ann"
"Arenaria serpyllifolia","Arenaria serpyllifolia  subsp. serpyllifolia",23.387,"163.40404040000001",4,4,"NA","ann"
"Argentina anserina","Potentilla anserina",25.785,"56765.89286",5,9,"1","herb.perenn"
"Arisarum vulgare",NA,NA,NA,NA,NA,NA,NA
"Aristolochia clematitis","Aristolochia clematitis",25.925,"46134.75",7,7,"1","herb.perenn"
"Arnoseris minima","Arnoseris minima",35.685,"4410",2,5,"NA","ann"
"Arrhenatherum elatius","Arrhenatherum elatius",30.475,"13063.759260000001",7,6,"1","herb.perenn"
"Arrhenatherum elatius subsp. bulbosum",NA,NA,NA,NA,NA,NA,NA
"Arrhenatherum elatius subsp. elatius",NA,NA,NA,NA,NA,NA,NA
"Artemisia abrotanum",NA,NA,NA,NA,NA,NA,NA
"Artemisia absinthium","Artemisia absinthium",22.85666667,"17757.446810000001",6,6,"0","herb.perenn"
"Artemisia annua",NA,NA,NA,NA,NA,NA,NA
"Artemisia verlotiorum",NA,NA,NA,NA,NA,NA,NA
"Artemisia vulgaris","Artemisia vulgaris",22.565,"31030.91228",7,7,"0","herb.perenn"
"Arum",NA,NA,NA,NA,NA,NA,NA
"Arum italicum",NA,NA,NA,NA,NA,NA,NA
"Arum maculatum",NA,NA,NA,NA,NA,NA,NA
"Asparagus acutifolius",NA,NA,NA,NA,NA,NA,NA
"Asparagaceae",NA,NA,NA,NA,NA,NA,NA
"Asparagus",NA,NA,NA,NA,NA,NA,NA
"Asparagus acutifolius",NA,NA,NA,NA,NA,NA,NA
"Asparagus officinalis",NA,NA,NA,NA,NA,NA,NA
"Asperula arvensis","Asperula arvensis",26.73151409,"1676.602727",5,5,"NA","ann"
"Asteraceae",NA,NA,NA,NA,NA,NA,NA
"Astragalus",NA,NA,NA,NA,NA,NA,NA
"Astragalus glycyphyllos","Astragalus glycyphyllos",25.662,"24433.333330000001",6,7,"0","herb.perenn"
"Astragalus hamosus","Astragalus hamosus",30.64098609,"6951.531661",3,6,"NA","ann"
"Atriplex",NA,NA,NA,NA,NA,NA,NA
"Atriplex halimus",NA,NA,NA,NA,NA,NA,NA
"Atriplex hortensis",NA,NA,NA,NA,NA,NA,NA
"Atriplex patula","Atriplex patula",17.985,"3477.6360730000001",6,6,"NA","ann"
"Atriplex prostrata","Atriplex prostrata",23.00888889,"7894.7396040000003",6,6,"NA","ann"
"Avena",NA,NA,NA,NA,NA,NA,NA
"Avena barbata","Avena barbata",23.69909091,"27712.409640000002",6,5,"NA","ann"
"Avena fatua","Avena fatua",19.87636364,"13368.944310000001",7,6,"NA","ann"
"Avena sativa",NA,NA,NA,NA,NA,NA,NA
"Anisantha sterilis","Avena sterilis",25.778,"9325.8545450000001",7,6,"NA","ann"
"Avena sterilis subsp. ludoviciana",NA,NA,NA,NA,NA,NA,NA
"Avena strigosa","Avena strigosa",29.7789526,"11680.43478",6,5,"NA","ann"
"Helictochloa bromoides",NA,NA,NA,NA,NA,NA,NA
"Avenula pubescens","Helictotrichon pubescens",22.3175,"5274.5454550000004",5,6,"0","herb.perenn"
"Ballota nigra","Ballota nigra",24.72571429,"21213.684209999999",7,8,"0","herb.perenn"
"Barbarea",NA,NA,NA,NA,NA,NA,NA
"Barbarea intermedia",NA,NA,NA,NA,NA,NA,NA
"Barbarea vulgaris","Barbarea stricta",36.69666667,"26497.875",5,5,"NA","bienn"
"Bellevalia trifoliata",NA,NA,NA,NA,NA,NA,NA
"Bellis perennis",NA,NA,NA,NA,NA,NA,NA
"Bellis sylvestris",NA,NA,NA,NA,NA,NA,NA
"Berteroa incana","Berteroa incana",21.53,"796.15384619999998",5,5,"NA","ann"
"Beta vulgaris subsp. maritima","Beta vulgaris maritima",13.98770961,"6626.8359339999997",4,7,"0","herb.perenn"
"Beta vulgaris",NA,NA,NA,NA,NA,NA,NA
"Beta vulgaris subsp. maritima","Beta vulgaris maritima",13.98770961,"6626.8359339999997",4,7,"0","herb.perenn"
"Bidens subalternans",NA,NA,NA,NA,NA,NA,NA
"Bidens tripartita","Bidens tripartita",34.63833333,"32232.4031",6,6,"NA","ann"
"Bifora radians","Bifora radians",38.88699194,"5370.1854549999998",3,3,"NA","ann"
"Bifora testiculata","Bifora testiculata",26.085,"4378.828571",4,4,"NA","ann"
"Bituminaria bituminosa","Psoralea bituminosa",13.915,"3768.3146769999998",7,8,"0","herb.perenn"
"Blackstonia perfoliata",NA,NA,NA,NA,NA,NA,NA
"Bombycilaena erecta",NA,NA,NA,NA,NA,NA,NA
"Borago officinalis",NA,NA,NA,NA,NA,NA,NA
"Bothriochloa barbinodis",NA,NA,NA,NA,NA,NA,NA
"Bothriochloa bladhii",NA,NA,NA,NA,NA,NA,NA
"Brachypodium",NA,NA,NA,NA,NA,NA,NA
"Brachypodium distachyon","Brachypodium distachyon",28.44142857,"1684.375",4,4,"NA","ann"
"Brachypodium phoenicoides",NA,NA,NA,NA,NA,NA,NA
"Brachypodium pinnatum",NA,NA,NA,NA,NA,NA,NA
"Brachypodium retusum","Bromus ramosus",28.23333333,"33114",7,6,"1","herb.perenn"
"Brachypodium rupestre",NA,NA,NA,NA,NA,NA,NA
"Brachypodium sylvaticum","Brachypodium sylvaticum",44.40714286,"16041.771430000001",6,7,"0","herb.perenn"
"Brassica carinata",NA,NA,NA,NA,NA,NA,NA
"Brassica juncea",NA,NA,NA,NA,NA,NA,NA
"Brassica napus",NA,NA,NA,NA,NA,NA,NA
"Brassica nigra","Brassica nigra",21.37333333,"28951.055830000001",5,6,"NA","ann"
"Brassica oleracea","Brassica oleracea",14.2,"18792.59259",6,7,"0","herb.perenn"
"Brassica rapa","Brassica rapa",18.545,"43624.617279999999",6,7,"NA","ann"
"Brassica tournefortii",NA,NA,NA,NA,NA,NA,NA
"Brassicaceae",NA,NA,NA,NA,NA,NA,NA
"Briza minor",NA,NA,NA,NA,NA,NA,NA
"Bromopsis erecta","Bromus arvensis",29.845,"5996.4255320000002",6,5,"NA","ann"
"Bromus",NA,NA,NA,NA,NA,NA,NA
"Bromopsis erecta","Bromus arvensis",29.845,"5996.4255320000002",6,5,"NA","ann"
"Bromopsis benekenii",NA,NA,NA,NA,NA,NA,NA
"Bromus commutatus","Bromus commutatus",20.44742126,"5402.3234000000002",6,5,"NA","ann"
"Bromus commutatus subsp. decipiens",NA,NA,NA,NA,NA,NA,NA
"Anisantha diandra","Bromus diandrus",27.2763125,"5319.3277310000003",6,5,"NA","ann"
"Bromopsis erecta","Bromus erectus",15.66388889,"4646.280992",6,8,"0","herb.perenn"
"Bromus grossus",NA,NA,NA,NA,NA,NA,NA
"Bromus hordeaceus",NA,NA,NA,NA,NA,NA,NA
"Bromopsis inermis","Bromus inermis",21.28815768,"19282.758620000001",7,9,"0","herb.perenn"
"Bromus japonicus",NA,NA,NA,NA,NA,NA,NA
"Bromus lanceolatus","Bromus lanceolatus",26.08,"1856.4857139999999",5,4,"NA","ann"
"Anisantha diandra","Bromus madritensis",29.21586522,"3046.8946799999999",5,4,"NA","ann"
"Bromus racemosus","Bromus racemosus",30.825,"15627.791670000001",6,5,"NA","ann"
"Brachypodium retusum","Bromus ramosus",28.23333333,"33114",7,6,"1","herb.perenn"
"Bromus secalinus","Bromus secalinus",23.01666667,"7871.2465750000001",6,5,"NA","ann"
"Bromus squarrosus",NA,NA,NA,NA,NA,NA,NA
"Anisantha sterilis","Bromus sterilis",31.31187432,"4915.6425040000004",6,5,"NA","ann"
"Anisantha tectorum","Bromus tectorum",34.0493165,"3230.2042889999998",5,4,"NA","ann"
"Bryonia dioica","Bryonia dioica",37.106,"23403.703699999998",9,8,"0","herb.perenn"
"Buglossoides arvensis","Buglossoides arvensis",18.49222222,"1048.288382",6,5,"NA","ann"
"Bunias erucago","Bunias erucago",22.05142785,"3532.2427790000002",5,6,"NA","ann"
"Bunium bulbocastanum",NA,NA,NA,NA,NA,NA,NA
"Bunium pachypodum",NA,NA,NA,NA,NA,NA,NA
"Bupleurum rotundifolium","Bupleurum rotundifolium",27.12605998,"17756.688129999999",6,5,"NA","ann"
"Bupleurum subovatum","Bupleurum subovatum",28.92488082,"17820.52173",6,5,"NA","ann"
"Bupleurum tenuissimum",NA,NA,NA,NA,NA,NA,NA
"Cakile maritima",NA,NA,NA,NA,NA,NA,NA
"Calamagrostis epigejos",NA,NA,NA,NA,NA,NA,NA
"Clinopodium nepeta subsp. sylvaticum",NA,NA,NA,NA,NA,NA,NA
"Calendula arvensis","Calendula arvensis",30.9825,"1707.6079010000001",4,6,"NA","ann"
"Calendula officinalis",NA,NA,NA,NA,NA,NA,NA
"Calepina irregularis","Calepina irregularis",41.530625,"6997.3625000000002",5,5,"NA","ann"
"Convolvulus sepium","Calystegia sepium",38.47636364,"21715.023939999999",9,9,"1","herb.perenn"
"Camelina",NA,NA,NA,NA,NA,NA,NA
"Camelina alyssum",NA,NA,NA,NA,NA,NA,NA
"Camelina microcarpa","Camelina microcarpa",20.6082173,"4983.8239800000001",5,5,"NA","ann"
"Camelina microcarpa","Camelina microcarpa",20.6082173,"4983.8239800000001",5,5,"NA","ann"
"Camelina sativa","Camelina sativa",32.34959831,"2897.7159529999999",5,5,"NA","ann"
"Camelina sativa var. pilosa","Camelina microcarpa",20.6082173,"4983.8239800000001",5,5,"NA","ann"
"Campanula",NA,NA,NA,NA,NA,NA,NA
"Campanula erinus",NA,NA,NA,NA,NA,NA,NA
"Campanula glomerata",NA,NA,NA,NA,NA,NA,NA
"Campanula patula",NA,NA,NA,NA,NA,NA,NA
"Campanula persicifolia",NA,NA,NA,NA,NA,NA,NA
"Campanula rapunculus","Campanula rapunculus",37.59339777,"4599.6951609999996",5,9,"NA","bienn"
"Campanula rotundifolia",NA,NA,NA,NA,NA,NA,NA
"Cannabis sativa",NA,NA,NA,NA,NA,NA,NA
"Capsella bursa-pastoris","Capsella bursa-pastoris",27.41470588,"6419.4304050000001",4,5,"NA","ann"
"Cardamine flexuosa","Cardamine hirsuta",31.574,"1332.8075879999999",3,4,"NA","ann"
"Lepidium draba","Lepidium draba",22.58666667,"5465.0711330000004",5,9,"1","herb.perenn"
"Carduus acanthoides","Carduus crispus",18.77125,"25144.670050000001",6,6,"NA","bienn"
"Carduus nutans",NA,NA,NA,NA,NA,NA,NA
"Carduus pycnocephalus","Carduus pycnocephalus",13.24333333,"18704.77576",7,5,"NA","ann"
"Carduus tenuiflorus","Carduus tenuiflorus",16.57686111,"7343.2599120000004",6,6,"NA","ann"
"Carex",NA,NA,NA,NA,NA,NA,NA
"Carex caryophyllea","Carex caryophyllea",20.68166667,"2186.666667",4,8,"0","herb.perenn"
"Carex curvula",NA,NA,NA,NA,NA,NA,NA
"Carex divulsa",NA,NA,NA,NA,NA,NA,NA
"Carex flacca","Carex flacca",16.55833333,"3482.5",5,9,"0","herb.perenn"
"Carex hirta","Carex hirta",19.156,"6838.9629629999999",6,9,"0","herb.perenn"
"Carex echinata","Carex muricata",18.564,"2712.1621620000001",5,7,"0","herb.perenn"
"Carex atrata","Carex nigra",19.08375,"2537.575472",6,9,"0","herb.perenn"
"Carex otrubae","Carex cuprina",21.99333333,"9118.9855069999994",6,7,"0","herb.perenn"
"Carex pallescens","Carex pallescens",26.0075,"6468.9629629999999",5,7,"0","herb.perenn"
"Carex flacca subsp. flacca","Carex pendula",13.285,"35828.571430000004",6,8,"0","herb.perenn"
"Carex spicata","Carex spicata",24.03666667,"2500",5,6,"0","herb.perenn"
"Carex otrubae","Carex cuprina",21.99333333,"9118.9855069999994",6,7,"0","herb.perenn"
"Carlina vulgaris","Carlina racemosa",17.88946588,"3445",5,5,"NA","ann"
"Carpinus betulus",NA,NA,NA,NA,NA,NA,NA
"Carthamus lanatus",NA,NA,NA,NA,NA,NA,NA
"Carum carvi","Carum carvi",23.45666667,"12540.625",4,4,"NA","bienn"
"Caryophyllaceae",NA,NA,NA,NA,NA,NA,NA
"Catapodium rigidum","Catapodium rigidum",16.39636364,"653.58260870000004",3,4,"NA","ann"
"Caucalis platycarpos","Caucalis platycarpos",23.9431416,"3082.8903230000001",5,5,"NA","ann"
"Celtis australis",NA,NA,NA,NA,NA,NA,NA
"Centaurea",NA,NA,NA,NA,NA,NA,NA
"Centaurea argentea",NA,NA,NA,NA,NA,NA,NA
"Centaurea aspera","Centaurea aspera",15.025,"1105.3952380000001",3,7,"0","herb.perenn"
"Centaurea benedicta",NA,NA,NA,NA,NA,NA,NA
"Centaurea collina",NA,NA,NA,NA,NA,NA,NA
"Cyanus segetum","Centaurea cyanus",24.63,"2640.0366300000001",6,6,"NA","ann"
"Centaurea jacea","Centaurea jacea",19.675,"4451.7777779999997",6,7,"0","herb.perenn"
"Centaurea paniculata",NA,NA,NA,NA,NA,NA,NA
"Centaurea scabiosa","Centaurea scabiosa",18.0075,"10934.411679999999",5,7,"0","herb.perenn"
"Centaurea solstitialis","Centaurea solstitialis",24.71632468,"9073.5934180000004",6,7,"NA","ann"
"Centaurium",NA,NA,NA,NA,NA,NA,NA
"Centaurium erythraea",NA,NA,NA,NA,NA,NA,NA
"Centaurium pulchellum","Centaurium pulchellum",36.034,"797.94594589999997",3,2,"NA","ann"
"Centranthus calcitrapae","Centranthus calcitrapae",30.77166397,"7769.3219280000003",5,5,"NA","ann"
"Centranthus ruber",NA,NA,NA,NA,NA,NA,NA
"Cerastium",NA,NA,NA,NA,NA,NA,NA
"Cerastium arvense","Cerastium arvense",20.39571429,"267.85714289999999",3,6,"1","herb.perenn"
"Cerastium brachypetalum","Cerastium brachypetalum",33.37,"716.1",4,5,"NA","ann"
"Cerastium fontanum","Cerastium fontanum",36.09222222,"961.39285710000001",5,4,"0","herb.perenn"
"Cerastium fontanum subsp. vulgare",NA,NA,NA,NA,NA,NA,NA
"Cerastium glomeratum","Cerastium glomeratum",24.179,"1009.3791210000001",5,5,"NA","ann"
"Cerastium fontanum subsp. vulgare",NA,NA,NA,NA,NA,NA,NA
"Cerastium pumilum","Cerastium pumilum",28.36921304,"183.0883077",3,4,"NA","ann"
"Cerastium semidecandrum","Cerastium semidecandrum",19.88898374,"205.88908190000001",3,4,"NA","ann"
"Cerastium fontanum subsp. vulgare",NA,NA,NA,NA,NA,NA,NA
"Ceratocephala falcata",NA,NA,NA,NA,NA,NA,NA
"Ceratochloa cathartica",NA,NA,NA,NA,NA,NA,NA
"Cercis siliquastrum",NA,NA,NA,NA,NA,NA,NA
"Chaenorhinum minus","Chaenorhinum minus",20.28333333,"305.4807692",5,4,"NA","ann"
"Chaenorhinum minus","Chaenorhinum minus",20.28333333,"305.4807692",5,4,"NA","ann"
"Chaenorhinum minus","Chaenorhinum minus",20.28333333,"305.4807692",5,4,"NA","ann"
"Chaerophyllum",NA,NA,NA,NA,NA,NA,NA
"Chaerophyllum temulum","Chaerophyllum temulum",27.53333333,"88439.130430000005",6,7,"NA","bienn"
"Chelidonium majus","Chelidonium majus",41.84545455,"143002.84479999999",6,6,"0","herb.perenn"
"Amaranthaceae",NA,NA,NA,NA,NA,NA,NA
"Chenopodiastrum hybridum","Chenopodium hybridum",23.46285714,"25749.42",6,6,"NA","ann"
"Chenopodiastrum murale","Chenopodium murale",22.13166667,"3497.9758449999999",6,6,"NA","ann"
"Chenopodium",NA,NA,NA,NA,NA,NA,NA
"Chenopodium album","Chenopodium album",18.01380952,"5548.8316649999997",7,6,"NA","ann"
"Chenopodiastrum hybridum","Chenopodium hybridum",23.46285714,"25749.42",6,6,"NA","ann"
"Chenopodium vulvaria","Chenopodium vulvaria",24.3,"545.78819439999995",4,6,"NA","ann"
"Chondrilla juncea","Chondrilla juncea",21.18142857,"8170.8851850000001",5,6,"0","herb.perenn"
"Glebionis segetum","Glebionis segetum",27.83166667,"4986.3062499999996",5,6,"NA","ann"
"Cicer arietinum",NA,NA,NA,NA,NA,NA,NA
"Cichorium endivia",NA,NA,NA,NA,NA,NA,NA
"Cichorium intybus","Cichorium intybus",25.86625,"30016.73846",6,7,"0","herb.perenn"
"Cicuta virosa","Cicuta virosa",36.355,"349805.3125",7,7,"0","herb.perenn"
"Cirsium",NA,NA,NA,NA,NA,NA,NA
"Cirsium arvense","Cirsium arvense",16.29428571,"7114.791236",6,9,"1","herb.perenn"
"Cirsium eriophorum",NA,NA,NA,NA,NA,NA,NA
"Cirsium erisithales",NA,NA,NA,NA,NA,NA,NA
"Cirsium oleraceum",NA,NA,NA,NA,NA,NA,NA
"Cirsium palustre","Cirsium palustre",17.1225,"15285.688169999999",6,7,"NA","bienn"
"Cirsium vulgare","Cirsium vulgare",17.03181818,"28010.749349999998",7,7,"NA","bienn"
"Cistus albidus",NA,NA,NA,NA,NA,NA,NA
"Cistus monspeliensis",NA,NA,NA,NA,NA,NA,NA
"Cistus salviifolius",NA,NA,NA,NA,NA,NA,NA
"Cladanthus mixtus","Cladanthus mixtus",18.81858407,"567.57281599999999",5,5,"NA","ann"
"Clematis",NA,NA,NA,NA,NA,NA,NA
"Clematis flammula",NA,NA,NA,NA,NA,NA,NA
"Clematis vitalba","Clematis vitalba",21.40315532,"61002.415090000002",12,9,"0","woody.peren"
"Clinopodium",NA,NA,NA,NA,NA,NA,NA
"Ziziphora acinos","Clinopodium acinos",19.2175,"558.66666669999995",3,3,"NA","ann"
"Clinopodium nepeta",NA,NA,NA,NA,NA,NA,NA
"Clinopodium nepeta subsp. ascendens",NA,NA,NA,NA,NA,NA,NA
"Clinopodium vulgare","Clinopodium vulgare",24.22,"10744.95127",6,8,"0","herb.perenn"
"Coincya monensis subsp. cheiranthos",NA,NA,NA,NA,NA,NA,NA
"Conium maculatum","Conium maculatum",27.38375,"639808.70299999998",7,7,"NA","bienn"
"Conringia orientalis","Conringia orientalis",24.36511861,"6545.6857950000003",6,4,"NA","ann"
"Delphinium consolida","Consolida regalis",20.08,"3378.756672",6,5,"NA","ann"
"Convolvulus",NA,NA,NA,NA,NA,NA,NA
"Convolvulus arvensis","Convolvulus arvensis",28.94333333,"4067.2403450000002",6,9,"1","herb.perenn"
"Convolvulus cantabrica",NA,NA,NA,NA,NA,NA,NA
"Convolvulus sepium","Calystegia sepium",38.47636364,"21715.023939999999",9,9,"1","herb.perenn"
"Convolvulus soldanella",NA,NA,NA,NA,NA,NA,NA
"Erigeron canadensis","Conyza canadensis",22.15333333,"4072.5535709999999",6,4,"NA","ann"
"Erigeron sumatrensis",NA,NA,NA,NA,NA,NA,NA
"Coriandrum sativum","Coriandrum sativum",38.73,"10305.88235",4,4,"NA","ann"
"Coronilla varia","Securigera varia",22.58833333,"8963.6865670000007",7,8,"1","herb.perenn"
"Cornus",NA,NA,NA,NA,NA,NA,NA
"Cornus sanguinea",NA,NA,NA,NA,NA,NA,NA
"Coronilla scorpioides","Coronilla scorpioides",20.30255773,"1819.683706",5,6,"NA","ann"
"Coronilla varia","Securigera varia",22.58833333,"8963.6865670000007",7,8,"1","herb.perenn"
"Lepidium didymum",NA,NA,NA,NA,NA,NA,NA
"Corrigiola litoralis",NA,NA,NA,NA,NA,NA,NA
"Cota altissima","Cota altissima",28.07443182,"1889.23125",6,7,"NA","ann"
"Cota tinctoria","Cota tinctoria",17.83,"1319.7222220000001",6,7,"0","herb.perenn"
"Cota tinctoria","Cota tinctoria",17.83,"1319.7222220000001",6,7,"0","herb.perenn"
"Crataegus",NA,NA,NA,NA,NA,NA,NA
"Crataegus monogyna",NA,NA,NA,NA,NA,NA,NA
"Crataegus x subsphaerica",NA,NA,NA,NA,NA,NA,NA
"Crataegus monogyna",NA,NA,NA,NA,NA,NA,NA
"Crepis",NA,NA,NA,NA,NA,NA,NA
"Crepis bellidifolia",NA,NA,NA,NA,NA,NA,NA
"Crepis biennis","Crepis biennis",31.23666667,"36048.648650000003",5,6,"NA","bienn"
"Crepis biennis","Crepis biennis",31.23666667,"36048.648650000003",5,6,"NA","bienn"
"Crepis bursifolia",NA,NA,NA,NA,NA,NA,NA
"Crepis capillaris","Crepis capillaris",30.6075,"14660.009620000001",4,5,"NA","ann"
"Crepis foetida",NA,NA,NA,NA,NA,NA,NA
"Crepis micrantha",NA,NA,NA,NA,NA,NA,NA
"Crepis pulchra","Crepis pulchra",31.43566364,"5417.2875249999997",6,4,"NA","ann"
"Crepis foetida subsp. rhoeadifolia",NA,NA,NA,NA,NA,NA,NA
"Crepis sancta",NA,NA,NA,NA,NA,NA,NA
"Crepis setosa","Crepis aspera",31.18516529,"57876",5,4,"NA","ann"
"Crepis vesicaria subsp. taraxacifolia",NA,NA,NA,NA,NA,NA,NA
"Crepis vesicaria","Crepis vesicaria",19.36142857,"4092.5373129999998",5,6,"NA","ann"
"Crepis vesicaria subsp. taraxacifolia",NA,NA,NA,NA,NA,NA,NA
"Cruciata laevipes","Cruciata laevipes",27.871,"3514.989474",6,8,"0","herb.perenn"
"Cruciata laevipes","Cruciata laevipes",27.871,"3514.989474",6,8,"0","herb.perenn"
"Cucurbita",NA,NA,NA,NA,NA,NA,NA
"Cucurbita pepo",NA,NA,NA,NA,NA,NA,NA
"Cuscuta epilinum",NA,NA,NA,NA,NA,NA,NA
"Cuscuta monogyna",NA,NA,NA,NA,NA,NA,NA
"Cyanus segetum","Centaurea cyanus",24.63,"2640.0366300000001",6,6,"NA","ann"
"Cymbalaria muralis",NA,NA,NA,NA,NA,NA,NA
"Cynanchum acutum",NA,NA,NA,NA,NA,NA,NA
"Cynodon dactylon","Cynodon dactylon",24.74545455,"2690.6119039999999",4,9,"1","herb.perenn"
"Cynoglossum cheirifolium",NA,NA,NA,NA,NA,NA,NA
"Cynoglossum creticum",NA,NA,NA,NA,NA,NA,NA
"Cynoglossum officinale",NA,NA,NA,NA,NA,NA,NA
"Cynosurus echinatus","Cynosurus echinatus",31.74333333,"4725.5652170000003",4,4,"NA","ann"
"Cyperus eragrostis",NA,NA,NA,NA,NA,NA,NA
"Cyperus esculentus",NA,NA,NA,NA,NA,NA,NA
"Cyperus longus",NA,NA,NA,NA,NA,NA,NA
"Cyperus rotundus",NA,NA,NA,NA,NA,NA,NA
"Dactylis glomerata","Dactylis glomerata",24.50178571,"12987.48064",6,7,"0","herb.perenn"
"Datura stramonium",NA,NA,NA,NA,NA,NA,NA
"Daucus carota","Daucus carota  subsp. carota",20.8375,"28023.9872",5,6,"NA","ann"
"Delphinium ajacis","Consolida orientalis",17.83333333,"4097.8064519999998",6,5,"NA","ann"
"Delphinium consolida","Consolida regalis",20.08,"3378.756672",6,5,"NA","ann"
"Delphinium ajacis","Consolida orientalis",17.83333333,"4097.8064519999998",6,5,"NA","ann"
"Delphinium pubescens","Consolida pubescens",25.88973007,"1429.546971",5,4,"NA","ann"
"Delphinium verdunense",NA,NA,NA,NA,NA,NA,NA
"Descurainia sophia","Descurainia sophia",27.305,"3768.7628869999999",6,5,"NA","ann"
"Dianthus armeria","Dianthus armeria",16.60429363,"1572.5643680000001",5,4,"NA","ann"
"Digitaria",NA,NA,NA,NA,NA,NA,NA
"Digitaria ischaemum","Digitaria ischaemum",36.27122581,"1639.131826",3,6,"NA","ann"
"Digitaria ciliaris","Digitaria sanguinalis",31.75333333,"8968",4,7,"NA","ann"
"Dioscorea communis","Tamus communis",30.29333333,"42234.482759999999",9,9,"0","herb.perenn"
"Diplotaxis erucoides","Diplotaxis erucoides",25.596,"6838.1294959999996",4,6,"NA","ann"
"Diplotaxis muralis","Diplotaxis muralis",22.1125,"3864.9411759999998",3,4,"NA","ann"
"Diplotaxis tenuifolia","Diplotaxis tenuifolia",24.51666667,"11696.629209999999",5,7,"0","herb.perenn"
"Diplotaxis viminea",NA,NA,NA,NA,NA,NA,NA
"Diplotaxis virgata",NA,NA,NA,NA,NA,NA,NA
"Dipsacus fullonum","Dipsacus fullonum",22.27666667,"139482.4368",6,7,"NA","bienn"
"Dittrichia viscosa","Dittrichia viscosa",28.91645833,"3597.6384619999999",6,8,"0","herb.perenn"
"Lotus dorycnium",NA,NA,NA,NA,NA,NA,NA
"Draba verna","Erophila verna",34.62,"375.29629629999999",1,3,"NA","ann"
"Ecballium elaterium",NA,NA,NA,NA,NA,NA,NA
"Echinaria capitata","Echinaria capitata",25.12,"1253.942857",3,3,"NA","ann"
"Echinochloa colona",NA,NA,NA,NA,NA,NA,NA
"Echinochloa crus-galli","Echinochloa crus-galli",29.812,"18220.85612",7,7,"NA","ann"
"Echinops ritro","Echinops ritro",9.387323091,"14019.607019999999",5,7,"1","herb.perenn"
"Echium",NA,NA,NA,NA,NA,NA,NA
"Echium arenarium",NA,NA,NA,NA,NA,NA,NA
"Echium plantagineum","Echium plantagineum",28.14044643,"8855.4190780000008",5,5,"NA","ann"
"Echium vulgare","Echium vulgare",19.71333333,"12563.88889",5,6,"NA","bienn"
"Elymus caninus","Elymus caninus",27.845,"12472.22222",7,7,"0","herb.perenn"
"Elytrigia elongata",NA,NA,NA,NA,NA,NA,NA
"Elytrigia repens","Elytrigia repens",24.50066667,"7877.2574530000002",7,9,"1","herb.perenn"
"Elytrigia campestris",NA,NA,NA,NA,NA,NA,NA
"Elytrigia juncea",NA,NA,NA,NA,NA,NA,NA
"Elytrigia repens","Elytrigia repens",24.50066667,"7877.2574530000002",7,9,"1","herb.perenn"
"Chamaenerion angustifolium",NA,NA,NA,NA,NA,NA,NA
"Epilobium",NA,NA,NA,NA,NA,NA,NA
"Chamaenerion fleischeri",NA,NA,NA,NA,NA,NA,NA
"Epilobium hirsutum","Epilobium hirsutum",27.47083333,"47384.661650000002",7,9,"1","herb.perenn"
"Epilobium parviflorum","Epilobium parviflorum",29.805,"9941.3793100000003",6,4,"0","herb.perenn"
"Epilobium tetragonum","Epilobium tetragonum",21.0875,"4759.453125",6,4,"0","herb.perenn"
"Equisetum",NA,NA,NA,NA,NA,NA,NA
"Equisetum arvense","Equisetum arvense",10.72666667,"NA",7,9,"1","herb.perenn"
"Equisetum palustre","Equisetum palustre",8,"NA",6,9,"1","herb.perenn"
"Equisetum ramosissimum","Equisetum ramosissimum",15.39,"NA",7,9,"1","herb.perenn"
"Equisetum telmateia","Equisetum telmateia",16.26,"NA",8,9,"1","herb.perenn"
"Eragrostis barrelieri","Eragrostis barrelieri",22.49,"735.30769229999999",3,4,"NA","ann"
"Eragrostis cilianensis",NA,NA,NA,NA,NA,NA,NA
"Eragrostis barrelieri","Eragrostis barrelieri",22.49,"735.30769229999999",3,4,"NA","ann"
"Eragrostis parviflora","Eragrostis pilosa",42.06,"2083.9473680000001",4,5,"NA","ann"
"Erigeron",NA,NA,NA,NA,NA,NA,NA
"Erigeron annuus","Erigeron annuus",28.4375,"20171.5",6,6,"NA","ann"
"Erigeron bonariensis",NA,NA,NA,NA,NA,NA,NA
"Erigeron canadensis","Conyza canadensis",22.15333333,"4072.5535709999999",6,4,"NA","ann"
"Erigeron floribundus",NA,NA,NA,NA,NA,NA,NA
"Erigeron sumatrensis",NA,NA,NA,NA,NA,NA,NA
"Erodium ciconium","Erodium ciconium",23.404,"7259.0476189999999",4,7,"NA","ann"
"Erodium cicutarium","Erodium cicutarium",25.48571429,"3446.3582769999998",3,7,"NA","ann"
"Erodium malacoides","Erodium malacoides",29.78127281,"9703.6260270000002",3,7,"NA","ann"
"Erodium moschatum",NA,NA,NA,NA,NA,NA,NA
"Draba verna","Erophila verna",34.62,"375.29629629999999",1,3,"NA","ann"
"Eruca vesicaria","Eruca vesicaria",18.12,"15458.333329999999",6,7,"NA","ann"
"Ervilia monanthos",NA,NA,NA,NA,NA,NA,NA
"Ervilia hirsuta","Vicia hirsuta",24.46222222,"4609.7152779999997",6,5,"NA","ann"
"Ervilia sativa",NA,NA,NA,NA,NA,NA,NA
"Ervum gracile","Vicia parviflora",39.39666667,"2887.2894740000002",6,5,"NA","ann"
"Ervum tetraspermum","Vicia tetrasperma",27.33222222,"2945.5233490000001",6,5,"NA","ann"
"Eryngium campestre","Eryngium campestre",9.238571429,"66862.57028",5,6,"0","herb.perenn"
"Eryngium maritimum",NA,NA,NA,NA,NA,NA,NA
"Erysimum incanum subsp. aurigeranum",NA,NA,NA,NA,NA,NA,NA
"Eschscholzia californica",NA,NA,NA,NA,NA,NA,NA
"Euonymus europaeus",NA,NA,NA,NA,NA,NA,NA
"Eupatorium cannabinum","Eupatorium cannabinum",29.81166667,"89971.972219999996",7,9,"0","herb.perenn"
"Euphorbia",NA,NA,NA,NA,NA,NA,NA
"Euphorbia chamaesyce",NA,NA,NA,NA,NA,NA,NA
"Euphorbia characias",NA,NA,NA,NA,NA,NA,NA
"Euphorbia cyparissias","Euphorbia cyparissias",24.18063433,"391.69333339999997",6,9,"1","herb.perenn"
"Euphorbia esula",NA,NA,NA,NA,NA,NA,NA
"Euphorbia exigua","Euphorbia exigua",25.32666667,"172.37083709999999",4,5,"NA","ann"
"Euphorbia falcata","Euphorbia falcata",28.34690476,"461.91212209999998",4,5,"NA","ann"
"Euphorbia helioscopia","Euphorbia helioscopia",35.05,"2685.8689079999999",5,4,"NA","ann"
"Euphorbia maculata",NA,NA,NA,NA,NA,NA,NA
"Euphorbia nicaeensis",NA,NA,NA,NA,NA,NA,NA
"Euphorbia peplus","Euphorbia peplus",64.24125,"1763.921875",5,5,"NA","ann"
"Euphorbia platyphyllos","Euphorbia platyphyllos",44.354,"6245.2830190000004",6,5,"NA","ann"
"Euphorbia prostrata",NA,NA,NA,NA,NA,NA,NA
"Euphorbia segetalis",NA,NA,NA,NA,NA,NA,NA
"Euphorbia serrata","Euphorbia serrata",17.95333333,"2280.7692310000002",5,7,"1","herb.perenn"
"Euphorbia stricta",NA,NA,NA,NA,NA,NA,NA
"Euphorbia sulcata",NA,NA,NA,NA,NA,NA,NA
"Euphrasia officinalis","Euphrasia officinalis",17.2675,"320",4,4,"NA","ann"
"Fabaceae",NA,NA,NA,NA,NA,NA,NA
"Fagopyrum esculentum",NA,NA,NA,NA,NA,NA,NA
"Falcaria vulgaris",NA,NA,NA,NA,NA,NA,NA
"Fallopia convolvulus","Fallopia convolvulus",29.48571429,"7539.196809",7,7,"NA","ann"
"Fatsia japonica",NA,NA,NA,NA,NA,NA,NA
"Festuca",NA,NA,NA,NA,NA,NA,NA
"Festuca amethystina",NA,NA,NA,NA,NA,NA,NA
"Schedonorus arundinaceus","Schedonorus arundinaceus",17.30857143,"9628.0373830000008",6,8,"0","herb.perenn"
"Vulpia alopecuros","Vulpia myuros",28.07,"543.0625",4,4,"NA","ann"
"Festuca ovina","Festuca ovina",14.15666667,"220.25507250000001",4,6,"0","herb.perenn"
"Bromopsis erecta","Festuca pratensis",24.56857143,"5909.5844159999997",6,7,"0","herb.perenn"
"Festuca rubra",NA,NA,NA,NA,NA,NA,NA
"Festuca rupicola",NA,NA,NA,NA,NA,NA,NA
"Festuca pulchra",NA,NA,NA,NA,NA,NA,NA
"Ficaria verna","Ficaria verna",32.78714286,"5115.0833329999996",4,5,"0","herb.perenn"
"Ficus carica",NA,NA,NA,NA,NA,NA,NA
"Filago arvensis",NA,NA,NA,NA,NA,NA,NA
"Filago germanica",NA,NA,NA,NA,NA,NA,NA
"Filago lutescens",NA,NA,NA,NA,NA,NA,NA
"Logfia minima",NA,NA,NA,NA,NA,NA,NA
"Filago pyramidata","Filago pyramidata",27.51785124,"364.91027109999999",4,4,"NA","ann"
"Filago germanica",NA,NA,NA,NA,NA,NA,NA
"Filipendula ulmaria","Filipendula ulmaria",19.3175,"105963.4",7,9,"0","herb.perenn"
"Filipendula vulgaris",NA,NA,NA,NA,NA,NA,NA
"Foeniculum vulgare",NA,NA,NA,NA,NA,NA,NA
"Fragaria",NA,NA,NA,NA,NA,NA,NA
"Fragaria vesca",NA,NA,NA,NA,NA,NA,NA
"Fraxinus",NA,NA,NA,NA,NA,NA,NA
"Fraxinus angustifolia",NA,NA,NA,NA,NA,NA,NA
"Fraxinus excelsior",NA,NA,NA,NA,NA,NA,NA
"Fumana ericifolia",NA,NA,NA,NA,NA,NA,NA
"Fumaria",NA,NA,NA,NA,NA,NA,NA
"Fumaria bastardii","Fumaria capreolata",36.9075,"9769.5370370000001",7,8,"NA","ann"
"Fumaria bastardii","Fumaria capreolata",36.9075,"9769.5370370000001",7,8,"NA","ann"
"Fumaria densiflora","Fumaria densiflora",28.3,"7701.8888889999998",6,7,"NA","ann"
"Fumaria muralis",NA,NA,NA,NA,NA,NA,NA
"Fumaria officinalis","Fumaria officinalis",43.75833333,"5082.9220180000002",5,7,"NA","ann"
"Fumaria parviflora","Fumaria parviflora",27.125,"4467.8395060000003",5,6,"NA","ann"
"Fumaria rostellata",NA,NA,NA,NA,NA,NA,NA
"Fumaria parviflora","Fumaria parviflora",27.125,"4467.8395060000003",5,6,"NA","ann"
"Fumaria vaillantii","Fumaria vaillantii",34.945,"2678.409091",5,6,"NA","ann"
"Gagea minima",NA,NA,NA,NA,NA,NA,NA
"Gagea pratensis",NA,NA,NA,NA,NA,NA,NA
"Gagea villosa","Gagea villosa",12.67678865,"667.18615380000006",4,4,"1","herb.perenn"
"Galactites tomentosus","Galactites tomentosus",13.27826352,"8841.1704179999997",6,5,"NA","ann"
"Galatella sedifolia",NA,NA,NA,NA,NA,NA,NA
"Galega officinalis",NA,NA,NA,NA,NA,NA,NA
"Galeopsis angustifolia","Galeopsis ladanum  subsp. angustifolia",20.83428571,"2006.4566930000001",5,5,"NA","ann"
"Galeopsis angustifolia","Galeopsis ladanum  subsp. angustifolia",20.83428571,"2006.4566930000001",5,5,"NA","ann"
"Galeopsis segetum","Galeopsis segetum",23.524,"11250.52773",5,5,"NA","ann"
"Galeopsis tetrahit","Galeopsis tetrahit",29.82846154,"24113.045409999999",6,6,"NA","ann"
"Galinsoga parviflora","Galinsoga parviflora",43.74333333,"32265.71429",5,6,"NA","ann"
"Galinsoga quadriradiata","Galinsoga quadriradiata",43.43571429,"21954.88031",5,6,"NA","ann"
"Galium",NA,NA,NA,NA,NA,NA,NA
"Galium album",NA,NA,NA,NA,NA,NA,NA
"Galium aparine","Galium aparine",29.49533333,"9282.7168829999991",6,8,"NA","ann"
"Galium corrudifolium",NA,NA,NA,NA,NA,NA,NA
"Galium mollugo","Galium mollugo",28.30375,"2202.4126980000001",6,8,"0","herb.perenn"
"Galium murale",NA,NA,NA,NA,NA,NA,NA
"Galium parisiense","Galium parisiense",24.28992754,"205.1020408",5,6,"NA","ann"
"Galium spurium","Galium spurium",36.54,"7044.5882350000002",6,7,"NA","ann"
"Galium tricornutum","Galium tricornutum",24.635,"3349.2148149999998",6,7,"NA","ann"
"Galium verum","Galium verum",22.29866667,"863.59866220000004",6,7,"0","herb.perenn"
"Gamochaeta antillana",NA,NA,NA,NA,NA,NA,NA
"Gastridium ventricosum","Gastridium ventricosum",25.59125761,"1231.9942229999999",4,4,"NA","ann"
"Geranium",NA,NA,NA,NA,NA,NA,NA
"Geranium columbinum","Geranium columbinum",27.38899205,"5091.5867129999997",4,5,"NA","ann"
"Geranium dissectum","Geranium dissectum",23.59727273,"6739.3194620000004",4,6,"NA","ann"
"Geranium molle","Geranium molle",32.22526925,"4926.7739279999996",4,5,"NA","ann"
"Geranium phaeum",NA,NA,NA,NA,NA,NA,NA
"Geranium purpureum","Geranium purpureum",45.7275,"9991.9563639999997",5,7,"NA","ann"
"Geranium molle","Geranium pusillum",27.53111111,"25337.70492",4,6,"NA","ann"
"Geranium pyrenaicum","Geranium pyrenaicum",25.62,"37542.708330000001",5,6,"0","herb.perenn"
"Geranium robertianum",NA,NA,NA,NA,NA,NA,NA
"Geranium rotundifolium","Geranium rotundifolium",37.164,"8937.4269010000007",5,6,"NA","ann"
"Geropogon hybridus","Geropogon hybridus",24.16896782,"6303.1945370000003",6,6,"NA","ann"
"Geum urbanum","Geum urbanum",22.10333333,"51687.703699999998",6,6,"0","herb.perenn"
"Gladiolus",NA,NA,NA,NA,NA,NA,NA
"Gladiolus italicus","Gladiolus italicus",16.01316358,"11326.48919",6,6,"1","herb.perenn"
"Glaucium corniculatum","Glaucium corniculatum",20.44,"4323.884892",4,6,"NA","ann"
"Glebionis coronaria","Glebionis coronaria",23.81705757,"2006.2184709999999",6,6,"NA","ann"
"Glebionis segetum","Glebionis segetum",27.83166667,"4986.3062499999996",5,6,"NA","ann"
"Glechoma hederacea","Glechoma hederacea",33.69333333,"8820",5,9,"1","herb.perenn"
"Glechoma hirsuta",NA,NA,NA,NA,NA,NA,NA
"Gleditsia triacanthos",NA,NA,NA,NA,NA,NA,NA
"Glycine max",NA,NA,NA,NA,NA,NA,NA
"Anaphalis margaritacea",NA,NA,NA,NA,NA,NA,NA
"Gamochaeta antillana",NA,NA,NA,NA,NA,NA,NA
"Gnaphalium uliginosum",NA,NA,NA,NA,NA,NA,NA
"Guizotia abyssinica",NA,NA,NA,NA,NA,NA,NA
"Psammophiliella muralis","Gypsophila muralis",23,"255.66666670000001",4,5,"NA","ann"
"Hainardia cylindrica",NA,NA,NA,NA,NA,NA,NA
"Hedera helix",NA,NA,NA,NA,NA,NA,NA
"Hedypnois rhagadioloides","Hedypnois rhagadioloides",29.5780363,"3876.7873450000002",3,5,"NA","ann"
"Helianthemum salicifolium",NA,NA,NA,NA,NA,NA,NA
"Helianthus",NA,NA,NA,NA,NA,NA,NA
"Helianthus annuus",NA,NA,NA,NA,NA,NA,NA
"Helianthus tuberosus",NA,NA,NA,NA,NA,NA,NA
"Heliotropium europaeum","Heliotropium europaeum",17.24513771,"3273.2905019999998",5,7,"NA","ann"
"Helleborus purpurascens",NA,NA,NA,NA,NA,NA,NA
"Helminthotheca comosa",NA,NA,NA,NA,NA,NA,NA
"Helminthotheca echioides","Helminthotheca echioides",27.952,"13135.023590000001",6,6,"NA","ann"
"Heracleum sphondylium","Heracleum sphondylium",23.19454545,"368175",7,6,"0","herb.perenn"
"Herniaria",NA,NA,NA,NA,NA,NA,NA
"Herniaria cinerea","Herniaria hirsuta",25.35333333,"80.326710820000002",1,5,"NA","ann"
"Hibiscus trionum",NA,NA,NA,NA,NA,NA,NA
"Hieracium",NA,NA,NA,NA,NA,NA,NA
"Pilosella aurantiaca",NA,NA,NA,NA,NA,NA,NA
"Pilosella cymosa",NA,NA,NA,NA,NA,NA,NA
"Pilosella officinarum","Pilosella officinarum",19.16222222,"1257.7045450000001",3,9,"0","herb.perenn"
"Himantoglossum hircinum",NA,NA,NA,NA,NA,NA,NA
"Himantoglossum robertianum",NA,NA,NA,NA,NA,NA,NA
"Hippocrepis biflora",NA,NA,NA,NA,NA,NA,NA
"Hippocrepis comosa","Hippocrepis comosa",15.10166667,"1600",3,4,"0","herb.perenn"
"Hirschfeldia incana","Hirschfeldia incana",21.246,"24682.275000000001",4,5,"NA","ann"
"Holcus",NA,NA,NA,NA,NA,NA,NA
"Holcus lanatus","Holcus lanatus",36.12,"9363.9614970000002",6,6,"0","herb.perenn"
"Holcus mollis","Holcus mollis",39.39,"6640.3620689999998",6,9,"1","herb.perenn"
"Holosteum umbellatum","Holosteum umbellatum",30.60150794,"430.96814810000001",3,3,"NA","ann"
"Honorius nutans",NA,NA,NA,NA,NA,NA,NA
"Hordeum",NA,NA,NA,NA,NA,NA,NA
"Hordeum murinum",NA,NA,NA,NA,NA,NA,NA
"Hordeum murinum subsp. leporinum","Hordeum murinum  subsp. leporinum",35.56199012,"6252.2919869999996",5,6,"NA","ann"
"Hordeum murinum subsp. murinum",NA,NA,NA,NA,NA,NA,NA
"Hordeum vulgare",NA,NA,NA,NA,NA,NA,NA
"Hornungia petraea",NA,NA,NA,NA,NA,NA,NA
"Humulus lupulus",NA,NA,NA,NA,NA,NA,NA
"Hyacinthus orientalis",NA,NA,NA,NA,NA,NA,NA
"Hypecoum imberbe",NA,NA,NA,NA,NA,NA,NA
"Hypecoum pendulum","Hypecoum pendulum",25.4005102,"2439.283547",4,6,"NA","ann"
"Hypericum",NA,NA,NA,NA,NA,NA,NA
"Hypericum hirsutum","Hypericum hirsutum",24.462,"12448.235290000001",6,7,"0","herb.perenn"
"Hypericum humifusum",NA,NA,NA,NA,NA,NA,NA
"Hypericum linariifolium",NA,NA,NA,NA,NA,NA,NA
"Hypericum maculatum",NA,NA,NA,NA,NA,NA,NA
"Hypericum perfoliatum",NA,NA,NA,NA,NA,NA,NA
"Hypericum perforatum","Hypericum perforatum",22.90052632,"1780.9977040000001",6,9,"1","herb.perenn"
"Hypochaeris glabra","Hypochaeris glabra",42.18,"5797.3099419999999",2,4,"NA","ann"
"Hypochaeris radicata","Hypochaeris radicata",23.3058579,"6510.7637189999996",4,6,"0","herb.perenn"
"Hypochaeris radicata","Hypochaeris radicata",23.3058579,"6510.7637189999996",4,6,"0","herb.perenn"
"Hyssopus officinalis",NA,NA,NA,NA,NA,NA,NA
"Iberis amara",NA,NA,NA,NA,NA,NA,NA
"Iberis pinnata","Iberis pinnata",15.88662791,"47.938596490000002",4,4,"NA","ann"
"Imperata cylindrica",NA,NA,NA,NA,NA,NA,NA
"Inula britannica",NA,NA,NA,NA,NA,NA,NA
"Inula helenium",NA,NA,NA,NA,NA,NA,NA
"Ipomoea purpurea",NA,NA,NA,NA,NA,NA,NA
"Isatis tinctoria","Isatis tinctoria",23.29883252,"9685.1164509999999",5,7,"NA","bienn"
"Jacobaea erucifolia","Senecio erucifolius",14.9775,"6834.2857139999996",7,7,"0","herb.perenn"
"Jacobaea vulgaris","Jacobaea vulgaris",27.56,"31832.22222",6,5,"0","herb.perenn"
"Jasione montana",NA,NA,NA,NA,NA,NA,NA
"Jasminum fruticans",NA,NA,NA,NA,NA,NA,NA
"Juglans",NA,NA,NA,NA,NA,NA,NA
"Juglans regia",NA,NA,NA,NA,NA,NA,NA
"Juncus",NA,NA,NA,NA,NA,NA,NA
"Juncus bufonius","Juncus bufonius",27.036,"407.97583079999998",5,5,"NA","ann"
"Juncus capitatus",NA,NA,NA,NA,NA,NA,NA
"Juncus conglomeratus","Juncus conglomeratus",6.25,"519.46902650000004",7,8,"1","herb.perenn"
"Juncus effusus","Juncus effusus",8.641111111,"295.48037890000001",7,9,"0","herb.perenn"
"Juncus effusus","Juncus effusus",8.641111111,"295.48037890000001",7,9,"0","herb.perenn"
"Juniperus oxycedrus",NA,NA,NA,NA,NA,NA,NA
"Kickxia",NA,NA,NA,NA,NA,NA,NA
"Kickxia elatine","Kickxia elatine",28.09444444,"2154.586589",4,6,"NA","ann"
"Kickxia elatine","Kickxia elatine",28.09444444,"2154.586589",4,6,"NA","ann"
"Kickxia spuria","Kickxia spuria",34.45,"3168.154567",5,6,"NA","ann"
"Knautia arvensis","Knautia arvensis",19.50071429,"16429.018069999998",5,7,"0","herb.perenn"
"Knautia integrifolia","Knautia integrifolia",22.1292317,"17310.172760000001",5,6,"NA","ann"
"Lactuca",NA,NA,NA,NA,NA,NA,NA
"Lactuca perennis",NA,NA,NA,NA,NA,NA,NA
"Lactuca saligna","Lactuca saligna",18.222,"5855.6875",6,5,"NA","ann"
"Lactuca serriola","Lactuca serriola",21.565,"40562.879119999998",7,6,"NA","ann"
"Lactuca virosa",NA,NA,NA,NA,NA,NA,NA
"Lagurus ovatus",NA,NA,NA,NA,NA,NA,NA
"Lamiaceae",NA,NA,NA,NA,NA,NA,NA
"Lamium",NA,NA,NA,NA,NA,NA,NA
"Lamium album","Lamium album",35.686,"26924.42308",5,7,"1","herb.perenn"
"Lamium amplexicaule","Lamium amplexicaule",27.931,"3630.8648039999998",5,5,"NA","ann"
"Lamium hybridum","Lamium hybridum",39.996,"7284.9411760000003",4,5,"NA","ann"
"Lamium maculatum","Lamium maculatum",31.489,"14580.64516",4,7,"1","herb.perenn"
"Lamium purpureum","Lamium purpureum",37.16909091,"8331.5555559999993",4,5,"NA","ann"
"Lappula squarrosa",NA,NA,NA,NA,NA,NA,NA
"Lapsana communis","Lapsana communis  subsp. communis",43.40928571,"31002.92857",6,5,"NA","ann"
"Lathyrus",NA,NA,NA,NA,NA,NA,NA
"Lathyrus annuus","Lathyrus annuus",26.55842717,"5307.9642860000004",6,7,"NA","ann"
"Lathyrus aphaca","Lathyrus aphaca",40.48201203,"8943.0812839999999",6,6,"NA","ann"
"Lathyrus cicera","Lathyrus cicera",22.10391753,"3112.9343410000001",6,6,"NA","ann"
"Lathyrus hirsutus","Lathyrus hirsutus",29.61472601,"5037.0857830000004",6,6,"NA","ann"
"Lathyrus inconspicuus",NA,NA,NA,NA,NA,NA,NA
"Lathyrus latifolius",NA,NA,NA,NA,NA,NA,NA
"Lathyrus nissolia","Lathyrus nissolia",19.3825,"3823.0555559999998",6,5,"NA","ann"
"Lathyrus palustris",NA,NA,NA,NA,NA,NA,NA
"Lathyrus pratensis","Lathyrus pratensis",21.86454545,"2113.94382",6,7,"1","herb.perenn"
"Lathyrus sativus",NA,NA,NA,NA,NA,NA,NA
"Lathyrus sativus",NA,NA,NA,NA,NA,NA,NA
"Lathyrus setifolius","Lathyrus setifolius",22.73891902,"1382.9715140000001",6,6,"NA","ann"
"Lathyrus sphaericus","Lathyrus sphaericus",27.29537034,"1875.065511",5,5,"NA","ann"
"Lathyrus sylvestris","Lathyrus sylvestris",21.35,"11347.53846",8,8,"0","herb.perenn"
"Lathyrus tuberosus","Lathyrus tuberosus",23.71555556,"3530.4183109999999",7,9,"1","herb.perenn"
"Legousia",NA,NA,NA,NA,NA,NA,NA
"Legousia hybrida","Legousia hybrida",28.7725,"587.28956229999994",4,4,"NA","ann"
"Legousia speculum-veneris","Legousia speculum-veneris",31.15023607,"1055.1174329999999",4,4,"NA","ann"
"Vicia lens",NA,NA,NA,NA,NA,NA,NA
"Leontodon",NA,NA,NA,NA,NA,NA,NA
"Scorzoneroides autumnalis","Scorzoneroides autumnalis",24.3525,"11828.82353",7,6,"0","herb.perenn"
"Leontodon hispidus","Leontodon hispidus",28.00333333,"12541.708329999999",5,7,"0","herb.perenn"
"Leontodon saxatilis subsp. saxatilis",NA,NA,NA,NA,NA,NA,NA
"Lepidium campestre","Lepidium campestre",26.65625,"5356.1864409999998",5,5,"NA","ann"
"Lepidium coronopus","Lepidium coronopus",25.99125,"2106.723164",2,6,"NA","ann"
"Lepidium didymum",NA,NA,NA,NA,NA,NA,NA
"Lepidium draba","Lepidium draba",22.58666667,"5465.0711330000004",5,9,"1","herb.perenn"
"Lepidium graminifolium",NA,NA,NA,NA,NA,NA,NA
"Lepidium densiflorum",NA,NA,NA,NA,NA,NA,NA
"Leucanthemum",NA,NA,NA,NA,NA,NA,NA
"Leucanthemum ircutianum",NA,NA,NA,NA,NA,NA,NA
"Leucanthemum vulgare","Leucanthemum vulgare",26.23,"2544.4023400000001",6,6,"0","herb.perenn"
"Ligustrum vulgare",NA,NA,NA,NA,NA,NA,NA
"Liliaceae",NA,NA,NA,NA,NA,NA,NA
"Linaria",NA,NA,NA,NA,NA,NA,NA
"Linaria amethystea",NA,NA,NA,NA,NA,NA,NA
"Linaria arvensis","Linaria arvensis",23.80915667,"444.11063580000001",5,4,"NA","ann"
"Linaria chalepensis",NA,NA,NA,NA,NA,NA,NA
"Linaria pelisseriana",NA,NA,NA,NA,NA,NA,NA
"Linaria repens",NA,NA,NA,NA,NA,NA,NA
"Linaria simplex","Linaria simplex",18.75621152,"267.52147250000002",5,4,"NA","ann"
"Linaria vulgaris","Linaria vulgaris",20.98470959,"3007.8125",6,8,"1","herb.perenn"
"Linum usitatissimum subsp. angustifolium","Linum bienne",28.60333333,"377.14285710000001",7,5,"NA","ann"
"Linum catharticum","Linum catharticum",31.51714286,"623.14403289999996",4,2,"NA","bienn"
"Linum perenne",NA,NA,NA,NA,NA,NA,NA
"Linum strictum","Linum strictum",19.83070547,"198.79746840000001",5,3,"NA","ann"
"Linum usitatissimum",NA,NA,NA,NA,NA,NA,NA
"Linum usitatissimum subsp. angustifolium","Linum bienne",28.60333333,"377.14285710000001",7,5,"NA","ann"
"Lipandra polysperma","Chenopodium polyspermum",33.165,"6579.1944439999997",6,6,"NA","ann"
"Lobularia maritima",NA,NA,NA,NA,NA,NA,NA
"Logfia gallica","Filago gallica",28.09,"184.8974359",4,4,"NA","ann"
"Lolium",NA,NA,NA,NA,NA,NA,NA
"Lolium multiflorum","Lolium multiflorum",24.52333333,"3221.9971260000002",6,6,"NA","ann"
"Lolium perenne","Lolium perenne",24.57833333,"2510.8235289999998",6,5,"0","herb.perenn"
"Lolium remotum","Lolium remotum",29.03,"4332",6,5,"NA","ann"
"Lolium rigidum","Lolium rigidum",26.00990978,"2537.5209559999998",5,4,"NA","ann"
"Lolium temulentum","Lolium temulentum",26.6725,"6672.4250300000003",6,5,"NA","ann"
"Loncomelos narbonense",NA,NA,NA,NA,NA,NA,NA
"Loncomelos pyrenaicum",NA,NA,NA,NA,NA,NA,NA
"Lotus",NA,NA,NA,NA,NA,NA,NA
"Lotus corniculatus","Lotus corniculatus",24.61541329,"1275.862435",4,8,"1","herb.perenn"
"Lotus dorycnium",NA,NA,NA,NA,NA,NA,NA
"Lupinus",NA,NA,NA,NA,NA,NA,NA
"Lupinus angustifolius",NA,NA,NA,NA,NA,NA,NA
"Luzula campestris","Luzula campestris",25.95333333,"873.10476189999997",3,6,"0","herb.perenn"
"Lycopsis arvensis",NA,NA,NA,NA,NA,NA,NA
"Lycopus europaeus","Lycopus europaeus",28.05555556,"28572.197530000001",6,8,"0","herb.perenn"
"Lysimachia arvensis","Anagallis arvensis  subsp. arvensis",33.97666667,"1485.3724050000001",4,6,"NA","ann"
"Lysimachia arvensis","Anagallis arvensis  subsp. arvensis",33.97666667,"1485.3724050000001",4,6,"NA","ann"
"Lysimachia foemina","Anagallis arvensis  subsp. foemina",34.095,"1077.934426",4,6,"NA","ann"
"Lysimachia nummularia",NA,NA,NA,NA,NA,NA,NA
"Lysimachia vulgaris","Lysimachia vulgaris",29.01571429,"46125.714290000004",7,8,"0","herb.perenn"
"Lythrum hyssopifolia",NA,NA,NA,NA,NA,NA,NA
"Lythrum salicaria","Lythrum salicaria",28.425,"20634.44068",7,8,"0","herb.perenn"
"Malcolmia littorea",NA,NA,NA,NA,NA,NA,NA
"Malva",NA,NA,NA,NA,NA,NA,NA
"Malva alcea","Malva alcea",27.58,"7021.6216219999997",6,7,"0","herb.perenn"
"Malva arborea",NA,NA,NA,NA,NA,NA,NA
"Malva moschata",NA,NA,NA,NA,NA,NA,NA
"Malva neglecta","Malva neglecta",23.21875,"4225.5428570000004",5,7,"NA","ann"
"Malva parviflora","Malva parviflora",24.38333333,"13237.263720000001",5,6,"NA","ann"
"Malva pusilla",NA,NA,NA,NA,NA,NA,NA
"Malva setigera",NA,NA,NA,NA,NA,NA,NA
"Malva sylvestris","Malva sylvestris",23.754,"50208.15",7,7,"0","herb.perenn"
"Mantisalca salmantica",NA,NA,NA,NA,NA,NA,NA
"Matricaria",NA,NA,NA,NA,NA,NA,NA
"Matricaria chamomilla","Matricaria chamomilla",31.13571429,"3505.07177",5,6,"NA","ann"
"Matricaria discoidea","Matricaria discoidea",29.74340662,"2425.5",4,5,"NA","ann"
"Matricaria discoidea","Matricaria discoidea",29.74340662,"2425.5",4,5,"NA","ann"
"Tripleurospermum inodorum","Tripleurospermum inodorum",21.31125,"1549.0118199999999",6,7,"NA","ann"
"Matricaria chamomilla","Matricaria chamomilla",31.13571429,"3505.07177",5,6,"NA","ann"
"Medicago",NA,NA,NA,NA,NA,NA,NA
"Medicago arabica","Medicago arabica",36.40875,"7972.1936619999997",4,7,"NA","ann"
"Medicago doliata","Medicago turbinata",31.51125,"5373.7045449999996",3,6,"NA","ann"
"Medicago sativa subsp. falcata","Medicago sativa  subsp. falcata",19.9066346,"1354.8756100000001",7,7,"0","herb.perenn"
"Medicago littoralis","Medicago littoralis",20.04,"1078",4,7,"NA","ann"
"Medicago lupulina","Medicago lupulina",29.07,"2795.3339329999999",4,7,"NA","ann"
"Medicago lupulina","Medicago lupulina",29.07,"2795.3339329999999",4,7,"NA","ann"
"Medicago minima","Medicago minima",25.63648633,"997.58444340000005",3,6,"NA","ann"
"Medicago monspeliaca","Medicago monspeliaca",16.65283525,"604.28275859999997",4,6,"NA","ann"
"Medicago orbicularis","Medicago orbicularis",27.67378909,"4258.5351890000002",4,7,"NA","ann"
"Medicago polyceratia","Trigonella polyceratia",30.92747819,"1207.418639",4,6,"NA","ann"
"Medicago polymorpha","Medicago polymorpha",27.80923077,"4327.2133329999997",4,7,"NA","ann"
"Medicago praecox",NA,NA,NA,NA,NA,NA,NA
"Medicago rigidula","Medicago rigidula",28.54731089,"997.79884330000004",3,6,"NA","ann"
"Medicago sativa","Medicago sativa  subsp. sativa",24.25857143,"2378.4520349999998",7,7,"0","herb.perenn"
"Medicago sativa subsp. falcata","Medicago sativa  subsp. falcata",19.9066346,"1354.8756100000001",7,7,"0","herb.perenn"
"Medicago truncatula","Medicago truncatula",8.52,"120.8275862",3,6,"NA","ann"
"Medicago doliata","Medicago turbinata",31.51125,"5373.7045449999996",3,6,"NA","ann"
"Melampyrum arvense","Melampyrum arvense",18.24381717,"3717.024954",5,5,"NA","ann"
"Melia azedarach",NA,NA,NA,NA,NA,NA,NA
"Melica ciliata",NA,NA,NA,NA,NA,NA,NA
"Melica ciliata subsp. transsilvanica",NA,NA,NA,NA,NA,NA,NA
"Melilotus",NA,NA,NA,NA,NA,NA,NA
"Melilotus albus","Melilotus albus",26.16,"4053.3656719999999",7,7,"NA","ann"
"Melilotus albus","Melilotus albus",26.16,"4053.3656719999999",7,7,"NA","ann"
"Melilotus indicus","Melilotus indicus",21.40666667,"1413.0972220000001",6,5,"NA","ann"
"Melilotus altissimus","Melilotus officinalis",24.16497021,"2217.8631839999998",7,7,"NA","ann"
"Melilotus spicatus",NA,NA,NA,NA,NA,NA,NA
"Melomphis arabica",NA,NA,NA,NA,NA,NA,NA
"Mentha",NA,NA,NA,NA,NA,NA,NA
"Mentha arvensis","Mentha arvensis",34.82444444,"9205.7251589999996",6,9,"1","herb.perenn"
"Mentha longifolia","Mentha longifolia",16.588,"6521.6237620000002",6,8,"1","herb.perenn"
"Mentha pulegium","Mentha pulegium",19.74152448,"2285.5080210000001",3,8,"1","herb.perenn"
"Mentha suaveolens",NA,NA,NA,NA,NA,NA,NA
"Mercurialis annua","Mercurialis annua",46.17,"19456.872729999999",5,5,"NA","ann"
"Mercurialis perennis",NA,NA,NA,NA,NA,NA,NA
"Mibora minima",NA,NA,NA,NA,NA,NA,NA
"Microthlaspi perfoliatum","Thlaspi perfoliatum",32.28852809,"1029.896526",4,3,"NA","ann"
"Sabulina tenuifolia","Minuartia hybrida",20.98,"73.090909089999997",3,4,"NA","ann"
"Misopates orontium",NA,NA,NA,NA,NA,NA,NA
"Molinia caerulea",NA,NA,NA,NA,NA,NA,NA
"Montia fontana subsp. minor","Montia fontana subsp. chondrosperma",38.42,"178.5185185",1,3,"NA","ann"
"Montia fontana","Montia fontana subsp. fontana",20.53,"163.19999999999999",2,5,"1","herb.perenn"
"Morus alba",NA,NA,NA,NA,NA,NA,NA
"Morus nigra",NA,NA,NA,NA,NA,NA,NA
"Muscari",NA,NA,NA,NA,NA,NA,NA
"Muscari botryoides",NA,NA,NA,NA,NA,NA,NA
"Muscari comosum","Leopoldia comosa",19.63737547,"7598.2506110000004",5,6,"1","herb.perenn"
"Muscari motelayi",NA,NA,NA,NA,NA,NA,NA
"Muscari neglectum","Muscari neglectum",23.57,"964.57692310000004",4,5,"1","herb.perenn"
"Muscari neglectum","Muscari neglectum",23.57,"964.57692310000004",4,5,"1","herb.perenn"
"Myagrum perfoliatum","Myagrum perfoliatum",24.57635104,"5360.1985189999996",5,5,"NA","ann"
"Myosotis",NA,NA,NA,NA,NA,NA,NA
"Myosotis arvensis","Myosotis arvensis",29.572,"3639.3215249999998",5,5,"NA","ann"
"Myosotis discolor",NA,NA,NA,NA,NA,NA,NA
"Myosotis scorpioides",NA,NA,NA,NA,NA,NA,NA
"Myosotis ramosissima","Myosotis ramosissima",16.52,"604.53676470000005",3,3,"NA","ann"
"Myosurus minimus",NA,NA,NA,NA,NA,NA,NA
"Nardus stricta",NA,NA,NA,NA,NA,NA,NA
"Neslia paniculata","Neslia paniculata",24.15476162,"2434.4765360000001",5,4,"NA","ann"
"Neslia paniculata subsp. thracica",NA,NA,NA,NA,NA,NA,NA
"Nigella arvensis",NA,NA,NA,NA,NA,NA,NA
"Nigella damascena","Nigella damascena",25.46631767,"4794.9096680000002",5,5,"NA","ann"
"Nigella hispanica var. hispanica",NA,NA,NA,NA,NA,NA,NA
"Nigella hispanica var. intermedia",NA,NA,NA,NA,NA,NA,NA
"Nigella nigellastrum",NA,NA,NA,NA,NA,NA,NA
"Odontites jaubertianus",NA,NA,NA,NA,NA,NA,NA
"Odontites luteus subsp. lanceolatus","Odontites lanceolatus",21.96267846,"1725.855914",4,4,"NA","ann"
"Odontites vernus","Odontites vernus",19.48933333,"1650.45045",5,5,"NA","ann"
"Odontites vernus","Odontites vernus",19.48933333,"1650.45045",5,5,"NA","ann"
"Odontites vernus subsp. vernus",NA,NA,NA,NA,NA,NA,NA
"Oenothera biennis","Oenothera biennis",17.97238891,"57181.208050000001",6,6,"NA","bienn"
"Olea europaea",NA,NA,NA,NA,NA,NA,NA
"Oloptum miliaceum",NA,NA,NA,NA,NA,NA,NA
"Onobrychis caput-galli",NA,NA,NA,NA,NA,NA,NA
"Onobrychis viciifolia","Onobrychis viciifolia",18.838,"12945.5",5,7,"0","herb.perenn"
"Ononis spinosa","Ononis spinosa",25.34666667,"1219.4532610000001",6,8,"1","herb.perenn"
"Ononis spinosa subsp. procurrens","Ononis repens",23.185,"276.31578949999999",6,8,"1","herb.perenn"
"Ononis viscosa subsp. viscosa",NA,NA,NA,NA,NA,NA,NA
"Onopordum acanthium","Onopordum acanthium",27.78,"663793.10340000002",7,8,"NA","bienn"
"Onopordum illyricum",NA,NA,NA,NA,NA,NA,NA
"Ophioglossum vulgatum","Ophioglossum vulgatum",24.735,"4192.2077920000002",3,7,"0","herb.perenn"
"Ophrys exaltata",NA,NA,NA,NA,NA,NA,NA
"Origanum vulgare",NA,NA,NA,NA,NA,NA,NA
"Origanum vulgare",NA,NA,NA,NA,NA,NA,NA
"Orlaya grandiflora",NA,NA,NA,NA,NA,NA,NA
"Orlaya platycarpos","Orlaya daucoides",20.58617928,"4513.2858610000003",4,4,"NA","ann"
"Ornithogalum",NA,NA,NA,NA,NA,NA,NA
"Ornithogalum kochii subsp. monticola",NA,NA,NA,NA,NA,NA,NA
"Ornithogalum divergens",NA,NA,NA,NA,NA,NA,NA
"Ornithogalum",NA,NA,NA,NA,NA,NA,NA
"Ornithogalum divergens",NA,NA,NA,NA,NA,NA,NA
"Ornithopus compressus",NA,NA,NA,NA,NA,NA,NA
"Ornithopus perpusillus",NA,NA,NA,NA,NA,NA,NA
"Orobanche",NA,NA,NA,NA,NA,NA,NA
"Orobanche minor",NA,NA,NA,NA,NA,NA,NA
"Osyris alba",NA,NA,NA,NA,NA,NA,NA
"Oxalis",NA,NA,NA,NA,NA,NA,NA
"Oxalis acetosella","Oxalis acetosella",59.1025,"8424.1818179999991",4,5,"0","herb.perenn"
"Oxalis corniculata","Oxalis corniculata",51.61,"1995.833333",3,7,"1","herb.perenn"
"Oxalis stricta","Oxalis stricta",46.84,"8132.2173910000001",5,5,"1","herb.perenn"
"Oxalis dillenii","Oxalis stricta",46.84,"8132.2173910000001",5,5,"1","herb.perenn"
"Oxybasis urbica","Chenopodium urbicum",31.38,"12756",6,6,"NA","ann"
"Pallenis spinosa","Pallenis spinosa  subsp. spinosa",20.928107,"2407.0625",6,6,"NA","ann"
"Pancratium maritimum",NA,NA,NA,NA,NA,NA,NA
"Panicum",NA,NA,NA,NA,NA,NA,NA
"Panicum capillare",NA,NA,NA,NA,NA,NA,NA
"Panicum dichotomiflorum",NA,NA,NA,NA,NA,NA,NA
"Panicum hillmanii",NA,NA,NA,NA,NA,NA,NA
"Panicum dichotomiflorum subsp. dichotomiflorum",NA,NA,NA,NA,NA,NA,NA
"Panicum virgatum",NA,NA,NA,NA,NA,NA,NA
"Papaver",NA,NA,NA,NA,NA,NA,NA
"Roemeria argemone","Papaver argemone",21.1025,"3276.7345129999999",5,5,"NA","ann"
"Papaver dubium","Papaver dubium",25.31642857,"19382.848000000002",6,5,"NA","ann"
"Roemeria hispida","Papaver hybridum",20.86,"2357.6",5,5,"NA","ann"
"Papaver rhoeas","Papaver rhoeas",32.03428571,"11363.90698",6,5,"NA","ann"
"Papaver somniferum","Papaver somniferum",28.72666667,"71252.054789999995",6,5,"NA","ann"
"Parietaria judaica",NA,NA,NA,NA,NA,NA,NA
"Parthenocissus inserta",NA,NA,NA,NA,NA,NA,NA
"Paspalum dilatatum",NA,NA,NA,NA,NA,NA,NA
"Paspalum dilatatum",NA,NA,NA,NA,NA,NA,NA
"Paspalum distichum","Paspalum distichum",32.226,"2426.3235289999998",3,9,"1","herb.perenn"
"Pastinaca sativa","Pastinaca sativa",22.46666667,"108258.0488",7,6,"NA","bienn"
"Pastinaca sativa subsp. urens",NA,NA,NA,NA,NA,NA,NA
"Persicaria",NA,NA,NA,NA,NA,NA,NA
"Persicaria amphibia","Persicaria amphibia",19.15125,"14035.384620000001",6,9,"1","herb.perenn"
"Persicaria hydropiper","Persicaria hydropiper",44.55888889,"15031.81098",6,6,"NA","ann"
"Persicaria lapathifolia","Persicaria lapathifolia",24.53818182,"21762.993869999998",6,6,"NA","ann"
"Persicaria maculosa","Persicaria maculosa",21.42666667,"13123.536410000001",6,6,"NA","ann"
"Persicaria dubia","Persicaria mitis",32.49,"9462.90625",6,6,"NA","ann"
"Petrorhagia prolifera","Petrorhagia prolifera",19.68797276,"614.38291040000001",4,3,"NA","ann"
"Petrorhagia prolifera","Petrorhagia prolifera",19.68797276,"614.38291040000001",4,3,"NA","ann"
"Petrosedum sediforme",NA,NA,NA,NA,NA,NA,NA
"Petroselinum crispum",NA,NA,NA,NA,NA,NA,NA
"Phacelia tanacetifolia",NA,NA,NA,NA,NA,NA,NA
"Phalaris brachystachys","Phalaris brachystachys",23.235,"7394.4444439999997",6,5,"NA","ann"
"Phalaris coerulescens","Phalaris coerulescens",20.05,"15172.608700000001",6,6,"0","herb.perenn"
"Phalaris minor","Phalaris minor",25.26666667,"4089.3150679999999",6,5,"NA","ann"
"Phalaris paradoxa","Phalaris paradoxa",26.864,"8492",6,5,"NA","ann"
"Phelipanche ramosa",NA,NA,NA,NA,NA,NA,NA
"Phillyrea media",NA,NA,NA,NA,NA,NA,NA
"Phleum nodosum","Phleum bertolonii",24.12166667,"3183.8461539999998",4,6,"0","herb.perenn"
"Phleum paniculatum",NA,NA,NA,NA,NA,NA,NA
"Phleum pratense","Phleum pratense",25.22230769,"9678.7301590000006",6,5,"0","herb.perenn"
"Phleum subulatum","Phleum subulatum",35.70473876,"6863.7567570000001",3,3,"NA","ann"
"Phragmites australis","Phragmites australis",14.54333333,"34321.031199999998",9,9,"1","herb.perenn"
"Alkekengi officinarum","Physalis alkekengi",34.54,"74659.090909999999",6,8,"0","herb.perenn"
"Physalis viscosa",NA,NA,NA,NA,NA,NA,NA
"Phytolacca americana",NA,NA,NA,NA,NA,NA,NA
"Picnomon acarna","Picnomon acarna",16.205,"14344.73684",7,7,"NA","ann"
"Picris",NA,NA,NA,NA,NA,NA,NA
"Iris sibirica",NA,NA,NA,NA,NA,NA,NA
"Helminthotheca echioides","Helminthotheca echioides",27.952,"13135.023590000001",6,6,"NA","ann"
"Picris hieracioides","Picris hieracioides",20.3399722,"10512.75043",6,6,"NA","bienn"
"Pilosella",NA,NA,NA,NA,NA,NA,NA
"Pilosella officinarum","Pilosella officinarum",19.16222222,"1257.7045450000001",3,9,"0","herb.perenn"
"Pimpinella",NA,NA,NA,NA,NA,NA,NA
"Pimpinella major","Pimpinella major",28.74,"82509.090909999999",6,6,"0","herb.perenn"
"Pimpinella saxifraga","Pimpinella saxifraga",14.79857143,"9489.0909090000005",5,4,"0","herb.perenn"
"Pinus halepensis",NA,NA,NA,NA,NA,NA,NA
"Pistacia lentiscus",NA,NA,NA,NA,NA,NA,NA
"Pistacia terebinthus",NA,NA,NA,NA,NA,NA,NA
"Pistacia vera",NA,NA,NA,NA,NA,NA,NA
"Pisum",NA,NA,NA,NA,NA,NA,NA
"Pisum sativum",NA,NA,NA,NA,NA,NA,NA
"Pisum sativum subsp. sativum",NA,NA,NA,NA,NA,NA,NA
"Pisum sativum subsp. sativum",NA,NA,NA,NA,NA,NA,NA
"Plantago albicans","Plantago albicans",9.775,"211.27586210000001",4,7,"0","herb.perenn"
"Plantago arenaria",NA,NA,NA,NA,NA,NA,NA
"Plantago coronopus",NA,NA,NA,NA,NA,NA,NA
"Plantago lagopus","Plantago lagopus",23.97,"6878.715596",4,5,"NA","ann"
"Plantago lanceolata","Plantago lanceolata",18.30038462,"11289.49713",5,7,"0","herb.perenn"
"Plantago major","Plantago major",23.93142857,"72897.767770000006",5,7,"NA","ann"
"Plantago media","Plantago media",17.05615385,"10531.84944",4,8,"0","herb.perenn"
"Platycapnos spicata",NA,NA,NA,NA,NA,NA,NA
"Poa",NA,NA,NA,NA,NA,NA,NA
"Poa palustris","Poa angustifolia",17.10333333,"2177.4853330000001",6,9,"0","herb.perenn"
"Poa annua","Poa annua",35.303125,"1370.8425930000001",4,4,"NA","ann"
"Poa bulbosa","Poa bulbosa",25.58714286,"1064.751244",3,7,"1","herb.perenn"
"Poa compressa","Poa compressa",25.3,"967.14",4,8,"0","herb.perenn"
"Poa infirma",NA,NA,NA,NA,NA,NA,NA
"Poa chaixii",NA,NA,NA,NA,NA,NA,NA
"Poa pratensis","Poa pratensis",22.49071429,"3320.8923279999999",5,8,"0","herb.perenn"
"Poa pratensis subsp. angustifolia","Poa angustifolia",17.10333333,"2177.4853330000001",6,9,"0","herb.perenn"
"Poa trivialis","Poa trivialis",36.40555556,"5152.6679590000003",4,7,"0","herb.perenn"
"Poaceae",NA,NA,NA,NA,NA,NA,NA
"Poaceae",NA,NA,NA,NA,NA,NA,NA
"Podospermum laciniatum","Podospermum laciniatum",18.124,"1300.367647",4,4,"NA","bienn"
"Urospermum picroides","Urospermum picroides",36.28761405,"10907.90373",4,5,"NA","ann"
"Polycarpon tetraphyllum","Polycarpon tetraphyllum",29.3571134,"854.7398839",3,5,"NA","ann"
"Polycnemum arvense",NA,NA,NA,NA,NA,NA,NA
"Polycnemum majus","Polycnemum majus",18.23672438,"67.168742929999993",4,6,"NA","ann"
"Persicaria amphibia","Persicaria amphibia",19.15125,"14035.384620000001",6,9,"1","herb.perenn"
"Polygonum aviculare","Polygonum aviculare",29.89285714,"2043.3070869999999",6,7,"NA","ann"
"Polygonum bellardii","Polygonum bellardii",20.85281262,"1559.9876670000001",6,5,"NA","ann"
"Persicaria maculosa","Persicaria maculosa",21.42666667,"13123.536410000001",6,6,"NA","ann"
"Populus",NA,NA,NA,NA,NA,NA,NA
"Populus alba",NA,NA,NA,NA,NA,NA,NA
"Portulaca oleracea","Portulaca oleracea",21.77545455,"340.78947369999997",4,7,"NA","ann"
"Portulaca oleracea","Portulaca oleracea",21.77545455,"340.78947369999997",4,7,"NA","ann"
"Potentilla",NA,NA,NA,NA,NA,NA,NA
"Argentina anserina","Potentilla anserina",25.785,"56765.89286",5,9,"1","herb.perenn"
"Potentilla argentea","Potentilla argentea",16.69,"2248.5555559999998",4,7,"0","herb.perenn"
"Potentilla erecta","Potentilla erecta",22.924,"3757.04",5,6,"0","herb.perenn"
"Potentilla recta",NA,NA,NA,NA,NA,NA,NA
"Potentilla reptans","Potentilla reptans",24.65,"10254.30071",4,9,"1","herb.perenn"
"Poterium sanguisorba","Sanguisorba minor",19.15692308,"16898.611110000002",4,6,"0","herb.perenn"
"Poterium verrucosum",NA,NA,NA,NA,NA,NA,NA
"Primula elatior",NA,NA,NA,NA,NA,NA,NA
"Primula veris","Primula veris",18.005,"17325",3,4,"0","herb.perenn"
"Prunella laciniata",NA,NA,NA,NA,NA,NA,NA
"Prunella laciniata",NA,NA,NA,NA,NA,NA,NA
"Prunella vulgaris","Prunella vulgaris",28.56714286,"5117.8704449999996",3,7,"0","herb.perenn"
"Prunus",NA,NA,NA,NA,NA,NA,NA
"Prunus avium",NA,NA,NA,NA,NA,NA,NA
"Prunus dulcis",NA,NA,NA,NA,NA,NA,NA
"Prunus spinosa",NA,NA,NA,NA,NA,NA,NA
"Psammophiliella muralis","Gypsophila muralis",23,"255.66666670000001",4,5,"NA","ann"
"Psilurus incurvus","Psilurus incurvus",31.12608108,"431.31578949999999",3,3,"NA","ann"
"Pteridium aquilinum",NA,NA,NA,NA,NA,NA,NA
"Pterolepis glomerata",NA,NA,NA,NA,NA,NA,NA
"Pulicaria dysenterica","Pulicaria dysenterica",29.17,"4976",6,8,"0","herb.perenn"
"Quercus",NA,NA,NA,NA,NA,NA,NA
"Quercus coccifera",NA,NA,NA,NA,NA,NA,NA
"Quercus ilex",NA,NA,NA,NA,NA,NA,NA
"Quercus pubescens",NA,NA,NA,NA,NA,NA,NA
"Quercus robur",NA,NA,NA,NA,NA,NA,NA
"Ranunculus",NA,NA,NA,NA,NA,NA,NA
"Ranunculus acris","Ranunculus acris",24.02866667,"18885.11",5,4,"0","herb.perenn"
"Ranunculus arvensis","Ranunculus arvensis",27.78666667,"2110.8170730000002",5,4,"NA","ann"
"Ranunculus bulbosus","Ranunculus bulbosus",19.25147536,"5524.9332080000004",4,4,"0","herb.perenn"
"Ficaria ambigua",NA,NA,NA,NA,NA,NA,NA
"Ranunculus muricatus","Ranunculus muricatus",33.2982579,"4650.1697029999996",5,7,"NA","ann"
"Ranunculus paludosus",NA,NA,NA,NA,NA,NA,NA
"Ranunculus parviflorus","Ranunculus parviflorus",38.94643787,"6566.4835160000002",5,5,"NA","ann"
"Ranunculus repens","Ranunculus repens",27.91403582,"20185.852330000002",5,9,"1","herb.perenn"
"Ranunculus sardous","Ranunculus sardous",31.665,"5358.1184590000003",4,5,"NA","ann"
"Raphanus",NA,NA,NA,NA,NA,NA,NA
"Raphanus raphanistrum",NA,NA,NA,NA,NA,NA,NA
"Raphanus raphanistrum subsp. raphanistrum","Raphanus raphanistrum  subsp. raphanistrum",26.12285714,"12628.06222",5,5,"NA","ann"
"Raphanus sativus",NA,NA,NA,NA,NA,NA,NA
"Rapistrum rugosum","Rapistrum rugosum",18.885,"10108.25397",5,5,"NA","ann"
"Reichardia picroides","Reichardia picroides",30.74180914,"3069.1186050000001",4,5,"0","herb.perenn"
"Reseda",NA,NA,NA,NA,NA,NA,NA
"Reseda alba",NA,NA,NA,NA,NA,NA,NA
"Reseda lutea","Reseda lutea",17.13777778,"2372.4444440000002",6,5,"NA","ann"
"Reseda luteola","Reseda luteola",21.03625,"8352.5956279999991",6,5,"NA","bienn"
"Reseda phyteuma","Reseda phyteuma",19.1475,"724.85355649999997",3,4,"NA","ann"
"Reynoutria japonica",NA,NA,NA,NA,NA,NA,NA
"Rhagadiolus stellatus","Rhagadiolus stellatus",26.12682205,"18441.871149999999",5,5,"NA","ann"
"Rhamnus alaternus",NA,NA,NA,NA,NA,NA,NA
"Rhinanthus alectorolophus",NA,NA,NA,NA,NA,NA,NA
"Ridolfia segetum","Ridolfia segetum",25.90917722,"17096.138620000002",6,6,"NA","ann"
"Robinia pseudoacacia",NA,NA,NA,NA,NA,NA,NA
"Roemeria hybrida","Roemeria hybrida",23.12951493,"4349.89545",5,5,"NA","ann"
"Rorippa sylvestris","Rorippa sylvestris",37.389,"6128.8926549999996",4,9,"1","herb.perenn"
"Rosa",NA,NA,NA,NA,NA,NA,NA
"Rosa arvensis",NA,NA,NA,NA,NA,NA,NA
"Rosa canina","Rosa canina",13.4275,"13930.666670000001",9,9,"0","woody.peren"
"Rosa luciae",NA,NA,NA,NA,NA,NA,NA
"Rosaceae",NA,NA,NA,NA,NA,NA,NA
"Salvia rosmarinus",NA,NA,NA,NA,NA,NA,NA
"Rostraria cristata","Rostraria cristata",32.12845639,"1987.3407990000001",3,3,"NA","ann"
"Rubia peregrina",NA,NA,NA,NA,NA,NA,NA
"Rubia tinctorum",NA,NA,NA,NA,NA,NA,NA
"Rubiaceae",NA,NA,NA,NA,NA,NA,NA
"Rubus",NA,NA,NA,NA,NA,NA,NA
"Rubus caesius","Rubus caesius",15.59,"54783.346940000003",6,9,"0","woody.peren"
"Rubus fruticosus","Rubus fruticosus",14.43941176,"30566.679929999998",9,9,"0","woody.peren"
"Rumex",NA,NA,NA,NA,NA,NA,NA
"Rumex acetosa","Rumex acetosa",31.95777778,"8331.6678649999994",6,4,"0","herb.perenn"
"Rumex acetosella","Rumex acetosella",23.25916667,"778.92434990000004",4,8,"1","herb.perenn"
"Rumex bucephalophorus","Rumex bucephalophorus",26.2127299,"240.1657251",4,4,"NA","ann"
"Rumex conglomeratus","Rumex conglomeratus",21.468,"18976.457630000001",6,7,"0","herb.perenn"
"Rumex crispus","Rumex crispus",18.91461538,"40289.112509999999",7,7,"0","herb.perenn"
"Rumex cristatus",NA,NA,NA,NA,NA,NA,NA
"Rumex obtusifolius","Rumex obtusifolius",28.22866667,"165045.364",7,7,"0","herb.perenn"
"Rumex patientia",NA,NA,NA,NA,NA,NA,NA
"Rumex pulcher","Rumex pulcher",28.64,"14623.16964",5,6,"0","herb.perenn"
"Rumex roseus",NA,NA,NA,NA,NA,NA,NA
"Rumex thyrsiflorus","Rumex thyrsiflorus",24.17333333,"21904.252939999998",6,4,"0","herb.perenn"
"Rumex thyrsiflorus","Rumex thyrsiflorus",24.17333333,"21904.252939999998",6,4,"0","herb.perenn"
"Rumex intermedius",NA,NA,NA,NA,NA,NA,NA
"Ruscus aculeatus",NA,NA,NA,NA,NA,NA,NA
"Ruta graveolens",NA,NA,NA,NA,NA,NA,NA
"Sabulina tenuifolia","Minuartia hybrida",20.98,"73.090909089999997",3,4,"NA","ann"
"Sagina apetala",NA,NA,NA,NA,NA,NA,NA
"Salix",NA,NA,NA,NA,NA,NA,NA
"Salsola kali","Salsola kali  subsp. kali",10.535,"62.244897960000003",6,7,"NA","ann"
"Salvia",NA,NA,NA,NA,NA,NA,NA
"Salvia nemorosa",NA,NA,NA,NA,NA,NA,NA
"Salvia pratensis","Salvia pratensis",24.095,"65386.943399999996",5,6,"0","herb.perenn"
"Salvia verbenaca",NA,NA,NA,NA,NA,NA,NA
"Salvia verticillata",NA,NA,NA,NA,NA,NA,NA
"Sambucus",NA,NA,NA,NA,NA,NA,NA
"Sambucus ebulus","Sambucus ebulus",20.195,"276243.18180000002",8,9,"1","herb.perenn"
"Sambucus nigra",NA,NA,NA,NA,NA,NA,NA
"Poterium sanguisorba","Sanguisorba minor",19.15692308,"16898.611110000002",4,6,"0","herb.perenn"
"Poterium verrucosum",NA,NA,NA,NA,NA,NA,NA
"Saponaria officinalis","Saponaria officinalis",18.74875,"17737.839360000002",7,9,"1","herb.perenn"
"Satureja montana",NA,NA,NA,NA,NA,NA,NA
"Saxifraga tridactylites",NA,NA,NA,NA,NA,NA,NA
"Scabiosa atropurpurea","Scabiosa atropurpurea",34.47,"8013.4177220000001",4,4,"NA","ann"
"Scabiosa atropurpurea","Scabiosa atropurpurea",34.47,"8013.4177220000001",4,4,"NA","ann"
"Scandix australis",NA,NA,NA,NA,NA,NA,NA
"Scandix pecten-veneris","Scandix pecten-veneris",24.0528721,"5239.2601629999999",5,5,"NA","ann"
"Schedonorus arundinaceus","Schedonorus arundinaceus",17.30857143,"9628.0373830000008",6,8,"0","herb.perenn"
"Schedonorus giganteus",NA,NA,NA,NA,NA,NA,NA
"Schedonorus pratensis",NA,NA,NA,NA,NA,NA,NA
"Scirpoides holoschoenus",NA,NA,NA,NA,NA,NA,NA
"Scirpus sylvaticus","Scirpus sylvaticus",22.4675,"44844",7,9,"1","herb.perenn"
"Scleranthus annuus","Scleranthus annuus",28.89285714,"68.917682929999998",3,5,"NA","ann"
"Scleranthus annuus subsp. annuus",NA,NA,NA,NA,NA,NA,NA
"Sclerochloa dura",NA,NA,NA,NA,NA,NA,NA
"Scolymus maculatus","Scolymus maculatus",15.02232645,"24652.823680000001",6,6,"NA","ann"
"Scorpiurus subvillosus","Scorpiurus muricatus",17.932,"3126.8709680000002",4,7,"NA","ann"
"Scorzoneroides autumnalis","Scorzoneroides autumnalis",24.3525,"11828.82353",7,6,"0","herb.perenn"
"Secale cereale","Secale cereale",23.92015693,"15421.46588",7,6,"NA","ann"
"Sedum",NA,NA,NA,NA,NA,NA,NA
"Sedum acre",NA,NA,NA,NA,NA,NA,NA
"Sedum album",NA,NA,NA,NA,NA,NA,NA
"Petrosedum sediforme",NA,NA,NA,NA,NA,NA,NA
"Senecio gallicus",NA,NA,NA,NA,NA,NA,NA
"Senecio inaequidens",NA,NA,NA,NA,NA,NA,NA
"Jacobaea vulgaris","Jacobaea vulgaris",27.56,"31832.22222",6,5,"0","herb.perenn"
"Jacobaea vulgaris","Jacobaea vulgaris",27.56,"31832.22222",6,5,"0","herb.perenn"
"Senecio lividus",NA,NA,NA,NA,NA,NA,NA
"Senecio vulgaris","Senecio vulgaris",25.86357143,"2020.2173110000001",5,5,"NA","ann"
"Setaria",NA,NA,NA,NA,NA,NA,NA
"Cenchrus americanus",NA,NA,NA,NA,NA,NA,NA
"Setaria italica subsp. italica",NA,NA,NA,NA,NA,NA,NA
"Setaria italica subsp. viridis","Setaria viridis",23.72,"7968.4561400000002",6,5,"NA","ann"
"Setaria parviflora",NA,NA,NA,NA,NA,NA,NA
"Setaria pumila","Setaria pumila",24.99142857,"10164.71212",7,6,"NA","ann"
"Setaria verticillata","Setaria verticillata",26.94666667,"10114.200000000001",7,6,"NA","ann"
"Setaria italica subsp. viridis","Setaria viridis",23.72,"7968.4561400000002",6,5,"NA","ann"
"Sherardia arvensis","Sherardia arvensis",24.805,"662.07017540000004",4,6,"NA","ann"
"Sherardia arvensis","Sherardia arvensis",24.805,"662.07017540000004",4,6,"NA","ann"
"Sicyos angulatus",NA,NA,NA,NA,NA,NA,NA
"Sideritis romana",NA,NA,NA,NA,NA,NA,NA
"Silaum silaus","Silaum silaus",17.45,"62252.542370000003",6,4,"0","herb.perenn"
"Silene gallica","Silene gallica",24.43904006,"3797.2657690000001",5,5,"NA","ann"
"Silene",NA,NA,NA,NA,NA,NA,NA
"Silene latifolia","Silene latifolia",27.17428571,"10447.121209999999",6,6,"0","herb.perenn"
"Silene conica",NA,NA,NA,NA,NA,NA,NA
"Silene conoidea",NA,NA,NA,NA,NA,NA,NA
"Silene cretica",NA,NA,NA,NA,NA,NA,NA
"Silene dioica","Silene dioica",28.8275,"32485.412540000001",6,5,"0","herb.perenn"
"Silene gallica","Silene gallica",24.43904006,"3797.2657690000001",5,5,"NA","ann"
"Atocion armeria","Silene latifolia",27.17428571,"10447.121209999999",6,6,"0","herb.perenn"
"Silene latifolia","Silene latifolia",27.17428571,"10447.121209999999",6,6,"0","herb.perenn"
"Silene muscipula","Silene muscipula",16.31119222,"1471.420654",5,4,"NA","ann"
"Silene noctiflora","Silene dichotoma",25.28,"13059.259260000001",6,4,"NA","ann"
"Silene nocturna","Silene nocturna",13.78946126,"750.53646649999996",5,4,"NA","ann"
"Silene vulgaris","Silene vulgaris",21.31625,"5963.1058370000001",5,7,"1","herb.perenn"
"Silybum marianum","Silybum marianum",22.65,"62121.93262",2,8,"NA","ann"
"Sinapis",NA,NA,NA,NA,NA,NA,NA
"Sinapis alba","Sinapis alba",26.49428571,"39133.352189999998",5,5,"NA","ann"
"Sinapis arvensis","Sinapis arvensis",28.74571429,"22313.004929999999",5,6,"NA","ann"
"Sison segetum",NA,NA,NA,NA,NA,NA,NA
"Sisymbrium irio","Sisymbrium irio",31.4416,"10482.49912",5,5,"NA","ann"
"Sisymbrium loeselii",NA,NA,NA,NA,NA,NA,NA
"Sisymbrium officinale","Sisymbrium officinale",26.5475,"22154.82692",5,5,"NA","ann"
"Sisymbrium orientale","Sisymbrium orientale",22.82918365,"11739.77938",5,5,"NA","ann"
"Smilax aspera",NA,NA,NA,NA,NA,NA,NA
"Solanum",NA,NA,NA,NA,NA,NA,NA
"Solanum chenopodioides",NA,NA,NA,NA,NA,NA,NA
"Solanum dulcamara","Solanum dulcamara",29.61782709,"15663.220300000001",7,9,"0","woody.peren"
"Solanum lycopersicum",NA,NA,NA,NA,NA,NA,NA
"Solanum americanum","Solanum americanum",26.09666667,"6334.7916670000004",6,6,"NA","ann"
"Solanum tuberosum",NA,NA,NA,NA,NA,NA,NA
"Solanum villosum",NA,NA,NA,NA,NA,NA,NA
"Solidago canadensis","Solidago canadensis",23.6775,"13360.53333",7,9,"0","herb.perenn"
"Solidago gigantea",NA,NA,NA,NA,NA,NA,NA
"Sonchus",NA,NA,NA,NA,NA,NA,NA
"Sonchus arvensis","Sonchus arvensis",25.89571429,"40614.607479999999",7,9,"1","herb.perenn"
"Sonchus arvensis subsp. uliginosus",NA,NA,NA,NA,NA,NA,NA
"Sonchus asper","Sonchus asper",26.27888889,"20252.727169999998",7,7,"NA","ann"
"Sonchus oleraceus","Sonchus oleraceus",34.39142857,"35164.800880000003",7,7,"NA","ann"
"Sonchus tenerrimus",NA,NA,NA,NA,NA,NA,NA
"Sorbus",NA,NA,NA,NA,NA,NA,NA
"Sorghum",NA,NA,NA,NA,NA,NA,NA
"Sorghum bicolor",NA,NA,NA,NA,NA,NA,NA
"Sorghum halepense",NA,NA,NA,NA,NA,NA,NA
"Spergula arvensis","Spergula arvensis",39.47666667,"192.7305743",5,5,"NA","ann"
"Spergula morisonii",NA,NA,NA,NA,NA,NA,NA
"Spergula morisonii",NA,NA,NA,NA,NA,NA,NA
"Spergularia segetalis",NA,NA,NA,NA,NA,NA,NA
"Spergularia rubra","Spergularia rubra",31.31333333,"102.6385427",4,5,"NA","ann"
"Sporobolus",NA,NA,NA,NA,NA,NA,NA
"Sporobolus indicus",NA,NA,NA,NA,NA,NA,NA
"Sporobolus",NA,NA,NA,NA,NA,NA,NA
"Stachys",NA,NA,NA,NA,NA,NA,NA
"Stachys annua","Stachys annua",34.105,"12775.56977",5,5,"NA","ann"
"Stachys arvensis","Stachys arvensis",33.2683157,"3416.9289920000001",4,4,"NA","ann"
"Betonica officinalis","Stachys officinalis",20.44666667,"16942.9931",5,6,"0","herb.perenn"
"Stachys palustris","Stachys palustris",32.54166667,"17856.888889999998",6,9,"1","herb.perenn"
"Stachys recta","Stachys recta",25.06122709,"10685.393260000001",6,6,"0","herb.perenn"
"Stachys sylvatica","Stachys sylvatica",30.876,"48890.119659999997",6,8,"1","herb.perenn"
"Stellaria graminea","Stellaria graminea",27.66625,"1199.2258059999999",6,7,"0","herb.perenn"
"Rabelera holostea","Stellaria holostea",25.64833333,"3901.32",5,7,"0","herb.perenn"
"Stellaria media","Stellaria media",48.56923077,"5130.9604740000004",5,7,"NA","ann"
"Stellaria pallida",NA,NA,NA,NA,NA,NA,NA
"Stipa capillata",NA,NA,NA,NA,NA,NA,NA
"Symphyotrichum squamatum",NA,NA,NA,NA,NA,NA,NA
"Symphytum officinale","Symphytum officinale",28.05833333,"126117.2169",7,7,"0","herb.perenn"
"Tagetes minuta",NA,NA,NA,NA,NA,NA,NA
"Tanacetum corymbosum",NA,NA,NA,NA,NA,NA,NA
"Tanacetum vulgare","Tanacetum vulgare",21.71692308,"36840.299149999999",7,9,"0","herb.perenn"
"Taraxacum",NA,NA,NA,NA,NA,NA,NA
"Taraxacum erythrospermum",NA,NA,NA,NA,NA,NA,NA
"Taraxacum officinale","Taraxacum officinale",27.8236,"53452.34936",6,8,"1","herb.perenn"
"Teesdalia nudicaulis",NA,NA,NA,NA,NA,NA,NA
"Teucrium",NA,NA,NA,NA,NA,NA,NA
"Teucrium botrys","Teucrium botrys",26.992,"5678.7234040000003",4,5,"NA","ann"
"Teucrium chamaedrys","Teucrium chamaedrys",13.5445539,"1190.3369869999999",3,7,"0","woody.peren"
"Teucrium scorodonia",NA,NA,NA,NA,NA,NA,NA
"Thalictrum lucidum",NA,NA,NA,NA,NA,NA,NA
"Thlaspi arvense","Thlaspi arvense",23.442,"3968.7524749999998",5,4,"NA","ann"
"Thlaspi alliaceum",NA,NA,NA,NA,NA,NA,NA
"Thlaspi arvense","Thlaspi arvense",23.442,"3968.7524749999998",5,4,"NA","ann"
"Microthlaspi perfoliatum","Thlaspi perfoliatum",32.28852809,"1029.896526",4,3,"NA","ann"
"Thymelaea passerina","Thymelaea passerina",25.02,"291.41176469999999",5,4,"NA","ann"
"Thymus",NA,NA,NA,NA,NA,NA,NA
"Thymus pulegioides","Thymus pulegioides",24.50375,"355.09090909999998",2,8,"0","woody.peren"
"Thymus vulgaris",NA,NA,NA,NA,NA,NA,NA
"Tilia",NA,NA,NA,NA,NA,NA,NA
"Tolpis umbellata","Tolpis barbata",36.56817395,"7556.694767",4,4,"NA","ann"
"Tordylium",NA,NA,NA,NA,NA,NA,NA
"Tordylium apulum","Tordylium apulum",28.73666667,"10738.7",5,4,"NA","ann"
"Tordylium maximum","Tordylium maximum",20.79191363,"58827.28585",6,5,"NA","ann"
"Torilis",NA,NA,NA,NA,NA,NA,NA
"Torilis arvensis","Torilis arvensis",21.52910257,"9579.950906",6,5,"NA","ann"
"Torilis japonica","Torilis japonica",29.22111111,"53510.920449999998",6,5,"NA","ann"
"Torilis nodosa","Torilis nodosa",26.47333333,"5323.9407410000003",5,4,"NA","ann"
"Tragopogon",NA,NA,NA,NA,NA,NA,NA
"Tragopogon crocifolius",NA,NA,NA,NA,NA,NA,NA
"Tragopogon dubius",NA,NA,NA,NA,NA,NA,NA
"Tragopogon pratensis subsp. orientalis","Tragopogon pratensis  subsp. orientalis",23.8475,"8519.6818179999991",6,6,"NA","bienn"
"Tragopogon porrifolius",NA,NA,NA,NA,NA,NA,NA
"Tragopogon pratensis","Tragopogon pratensis  subsp. minor",18.748,"8840",6,4,"NA","bienn"
"Tragus racemosus",NA,NA,NA,NA,NA,NA,NA
"Tribulus cistoides",NA,NA,NA,NA,NA,NA,NA
"Trifolium",NA,NA,NA,NA,NA,NA,NA
"Trifolium alexandrinum",NA,NA,NA,NA,NA,NA,NA
"Trifolium angustifolium",NA,NA,NA,NA,NA,NA,NA
"Trifolium arvense","Trifolium arvense",19.40107292,"1104.8356920000001",6,5,"NA","ann"
"Trifolium aureum","Trifolium aureum",39.69152722,"3552.8855359999998",5,5,"NA","ann"
"Trifolium aureum","Trifolium aureum",39.69152722,"3552.8855359999998",5,5,"NA","ann"
"Trifolium dubium","Trifolium dubium",31.118,"871.18333329999996",5,6,"NA","ann"
"Trifolium fragiferum","Trifolium fragiferum",25.57166667,"4551.2195119999997",4,8,"1","herb.perenn"
"Trifolium glomeratum","Trifolium glomeratum",25.0825,"2547.48",3,6,"NA","ann"
"Trifolium hirtum",NA,NA,NA,NA,NA,NA,NA
"Trifolium hybridum","Trifolium hybridum",23.17916667,"8931.6041669999995",6,7,"0","herb.perenn"
"Trifolium incarnatum","Trifolium incarnatum  subsp. incarnatum",30.34860952,"12059.705679999999",5,5,"NA","ann"
"Trifolium lappaceum",NA,NA,NA,NA,NA,NA,NA
"Trifolium pratense","Trifolium pratense",23.55458333,"8003.4765100000004",6,6,"0","herb.perenn"
"Trifolium repens","Trifolium repens",32.70954545,"6067.823077",5,8,"1","herb.perenn"
"Trifolium clusii","Trifolium resupinatum",38.34066116,"2902.1276600000001",4,7,"NA","ann"
"Trifolium rubens",NA,NA,NA,NA,NA,NA,NA
"Trifolium scabrum","Trifolium scabrum",20.57669805,"336.14420009999998",3,5,"NA","ann"
"Trifolium striatum","Trifolium striatum",21.32381031,"3096.757576",3,6,"NA","ann"
"Trifolium subterraneum",NA,NA,NA,NA,NA,NA,NA
"Trifolium suffocatum",NA,NA,NA,NA,NA,NA,NA
"Trifolium tomentosum","Trifolium tomentosum",32.00092593,"1378.2870969999999",4,7,"NA","ann"
"Trifolium vesiculosum",NA,NA,NA,NA,NA,NA,NA
"Trigonella",NA,NA,NA,NA,NA,NA,NA
"Melilotus albus","Melilotus albus",26.16,"4053.3656719999999",7,7,"NA","ann"
"Melilotus altissimus","Melilotus altissimus",17.285,"931.03448279999998",7,7,"NA","bienn"
"Trigonella esculenta","Trigonella esculenta",25.54691274,"4679.2077920000002",6,6,"NA","ann"
"Trigonella foenum-graecum",NA,NA,NA,NA,NA,NA,NA
"Trigonella gladiata",NA,NA,NA,NA,NA,NA,NA
"Melilotus officinalis","Melilotus officinalis",24.16497021,"2217.8631839999998",7,7,"NA","ann"
"Melilotus spicatus",NA,NA,NA,NA,NA,NA,NA
"Tripleurospermum inodorum","Tripleurospermum inodorum",21.31125,"1549.0118199999999",6,7,"NA","ann"
"Trisetum flavescens","Trisetum flavescens",21.24428571,"2908.9285709999999",6,5,"0","herb.perenn"
"Triticum",NA,NA,NA,NA,NA,NA,NA
"Triticum aestivum",NA,NA,NA,NA,NA,NA,NA
"Triticum turgidum subsp. durum",NA,NA,NA,NA,NA,NA,NA
"Tulipa",NA,NA,NA,NA,NA,NA,NA
"Tulipa agenensis",NA,NA,NA,NA,NA,NA,NA
"Tulipa aximensis",NA,NA,NA,NA,NA,NA,NA
"Tulipa billietiana",NA,NA,NA,NA,NA,NA,NA
"Tulipa clusiana",NA,NA,NA,NA,NA,NA,NA
"Tulipa didieri",NA,NA,NA,NA,NA,NA,NA
"Tulipa gesneriana",NA,NA,NA,NA,NA,NA,NA
"Tulipa lortetii",NA,NA,NA,NA,NA,NA,NA
"Tulipa mauriana",NA,NA,NA,NA,NA,NA,NA
"Tulipa montisandrei",NA,NA,NA,NA,NA,NA,NA
"Tulipa planifolia",NA,NA,NA,NA,NA,NA,NA
"Tulipa raddii",NA,NA,NA,NA,NA,NA,NA
"Tulipa sylvestris subsp. sylvestris",NA,NA,NA,NA,NA,NA,NA
"Turgenia latifolia","Turgenia latifolia",20.80776812,"20989.7474",4,6,"NA","ann"
"Tussilago farfara","Tussilago farfara",19.6125,"90907.031959999993",5,9,"1","herb.perenn"
"Tyrimnus leucographus",NA,NA,NA,NA,NA,NA,NA
"Tyrimnus leucographus",NA,NA,NA,NA,NA,NA,NA
"Ulmus",NA,NA,NA,NA,NA,NA,NA
"Ulmus x hollandica",NA,NA,NA,NA,NA,NA,NA
"Umbilicus rupestris",NA,NA,NA,NA,NA,NA,NA
"Urospermum dalechampii",NA,NA,NA,NA,NA,NA,NA
"Urospermum picroides","Urospermum picroides",36.28761405,"10907.90373",4,5,"NA","ann"
"Urtica dioica","Urtica dioica",26.88076923,"67128.519690000001",7,9,"0","herb.perenn"
"Urtica dioica","Urtica dioica",26.88076923,"67128.519690000001",7,9,"0","herb.perenn"
"Urtica urens","Urtica urens",19.6425,"8157.2250000000004",6,6,"NA","ann"
"Gypsophila vaccaria","Vaccaria hispanica",22.44666667,"26693.227719999999",5,4,"NA","ann"
"Gypsophila vaccaria","Vaccaria hispanica",22.44666667,"26693.227719999999",5,4,"NA","ann"
"Valeriana",NA,NA,NA,NA,NA,NA,NA
"Valeriana officinalis",NA,NA,NA,NA,NA,NA,NA
"Valerianella",NA,NA,NA,NA,NA,NA,NA
"Valerianella locusta","Valerianella locusta",43.77285714,"4296.7850470000003",4,5,"NA","ann"
"Valerianella coronata","Valerianella coronata",29.03833333,"5415.3428569999996",4,5,"NA","ann"
"Valerianella dentata","Valerianella dentata",41.94791391,"10070.99092",5,5,"NA","ann"
"Valerianella discoidea","Valerianella discoidea",31.366,"1639.2247420000001",4,5,"NA","ann"
"Valerianella echinata","Valerianella echinata",29.63,"14490.45455",4,5,"NA","ann"
"Valerianella eriocarpa",NA,NA,NA,NA,NA,NA,NA
"Valerianella locusta","Valerianella locusta",43.77285714,"4296.7850470000003",4,5,"NA","ann"
"Valerianella locusta","Valerianella locusta",43.77285714,"4296.7850470000003",4,5,"NA","ann"
"Verbascum",NA,NA,NA,NA,NA,NA,NA
"Verbascum blattaria",NA,NA,NA,NA,NA,NA,NA
"Verbascum boerhavii",NA,NA,NA,NA,NA,NA,NA
"Verbascum nigrum","Verbascum nigrum",22.952,"222827.75510000001",5,7,"0","herb.perenn"
"Verbascum phlomoides",NA,NA,NA,NA,NA,NA,NA
"Verbascum phoeniceum",NA,NA,NA,NA,NA,NA,NA
"Verbascum sinuatum","Verbascum sinuatum",12.46333333,"69605.873240000001",5,7,"NA","bienn"
"Verbascum speciosum",NA,NA,NA,NA,NA,NA,NA
"Verbascum thapsus","Verbascum thapsus",13.58714286,"36398.293039999997",5,7,"NA","bienn"
"Verbena officinalis","Verbena officinalis",17.932,"7637.8260870000004",5,6,"0","herb.perenn"
"Veronica",NA,NA,NA,NA,NA,NA,NA
"Veronica acinifolia",NA,NA,NA,NA,NA,NA,NA
"Veronica agrestis","Veronica agrestis",42.0375,"1649.193548",4,6,"NA","ann"
"Veronica arvensis","Veronica arvensis",28.04666667,"816.66748970000003",4,4,"NA","ann"
"Veronica chamaedrys","Veronica chamaedrys",29.26388889,"5511.7301200000002",5,8,"0","herb.perenn"
"Veronica cymbalaria","Veronica cymbalaria",29.1630791,"859.15119830000003",3,7,"NA","ann"
"Veronica hederifolia","Veronica hederifolia",25.639375,"1174.9865279999999",4,7,"NA","ann"
"Veronica officinalis",NA,NA,NA,NA,NA,NA,NA
"Veronica opaca",NA,NA,NA,NA,NA,NA,NA
"Veronica persica","Veronica persica",36.67230769,"3130.457958",4,7,"NA","ann"
"Veronica polita","Veronica polita",31.18666667,"918.47222220000003",4,6,"NA","ann"
"Veronica praecox","Veronica praecox",16.4217561,"878.76873660000001",3,4,"NA","ann"
"Veronica serpyllifolia","Veronica serpyllifolia",29.156,"1281.4473680000001",1,8,"1","herb.perenn"
"Veronica triphyllos",NA,NA,NA,NA,NA,NA,NA
"Viburnum",NA,NA,NA,NA,NA,NA,NA
"Vicia",NA,NA,NA,NA,NA,NA,NA
"Vicia angustifolia","Vicia sativa  subsp. nigra",25.80161681,"7382.0050460000002",6,6,"NA","ann"
"Vicia bithynica",NA,NA,NA,NA,NA,NA,NA
"Vicia lutea subsp. lutea",NA,NA,NA,NA,NA,NA,NA
"Vicia cracca","Vicia cracca",25.25571429,"6770.0208329999996",7,8,"1","herb.perenn"
"Vicia dasycarpa",NA,NA,NA,NA,NA,NA,NA
"Vicia faba",NA,NA,NA,NA,NA,NA,NA
"Vicia faba",NA,NA,NA,NA,NA,NA,NA
"Ervilia hirsuta","Vicia hirsuta",24.46222222,"4609.7152779999997",6,5,"NA","ann"
"Vicia hybrida","Vicia hybrida",46.79889013,"6578.22811",6,5,"NA","ann"
"Vicia johannis",NA,NA,NA,NA,NA,NA,NA
"Vicia lathyroides","Vicia lathyroides",23.7425,"935.41118419999998",4,6,"NA","ann"
"Vicia lens",NA,NA,NA,NA,NA,NA,NA
"Vicia lutea","Vicia lutea",32.63423976,"2218.603165",6,6,"NA","ann"
"Vicia monantha",NA,NA,NA,NA,NA,NA,NA
"Vicia pannonica","Vicia pannonica",30.94213616,"4347.7502560000003",6,5,"NA","ann"
"Vicia pannonica","Vicia pannonica",30.94213616,"4347.7502560000003",6,5,"NA","ann"
"Vicia peregrina","Vicia peregrina",28.1800346,"1598.3288190000001",6,5,"NA","ann"
"Vicia sativa","Vicia sativa  subsp. sativa",26.84263221,"9836.2893949999998",7,7,"NA","ann"
"Vicia segetalis",NA,NA,NA,NA,NA,NA,NA
"Vicia sepium","Vicia sepium",39.11423443,"7305.882353",6,7,"0","herb.perenn"
"Vicia serratifolia",NA,NA,NA,NA,NA,NA,NA
"Vicia tenuifolia","Vicia tenuifolia",28.4425,"10807.274729999999",7,8,"1","herb.perenn"
"Vicia benghalensis","Vicia villosa",26.2275,"13638.46154",7,7,"NA","ann"
"Vincetoxicum hirundinaria",NA,NA,NA,NA,NA,NA,NA
"Viola",NA,NA,NA,NA,NA,NA,NA
"Viola arvensis","Viola arvensis",25.08818182,"1933.5638300000001",5,6,"NA","ann"
"Viola canina",NA,NA,NA,NA,NA,NA,NA
"Viola hirta",NA,NA,NA,NA,NA,NA,NA
"Viola kitaibeliana","Viola kitaibeliana",24.49370461,"376.98987649999998",3,3,"NA","ann"
"Viola kitaibeliana","Viola kitaibeliana",24.49370461,"376.98987649999998",3,3,"NA","ann"
"Viola odorata","Viola odorata",29.35,"17050",4,8,"0","herb.perenn"
"Viola reichenbachiana",NA,NA,NA,NA,NA,NA,NA
"Viola tricolor","Viola tricolor",27.045,"2771.4058249999998",5,6,"NA","ann"
"Viola tricolor subsp. tricolor",NA,NA,NA,NA,NA,NA,NA
"Visnaga daucoides","Ammi visnaga",19.43331543,"61633.090909999999",7,6,"NA","ann"
"Vitis",NA,NA,NA,NA,NA,NA,NA
"Vitis rupestris",NA,NA,NA,NA,NA,NA,NA
"Vitis vinifera",NA,NA,NA,NA,NA,NA,NA
"Vogtia annua",NA,NA,NA,NA,NA,NA,NA
"Vulpia",NA,NA,NA,NA,NA,NA,NA
"Vulpia bromoides","Vulpia bromoides",27.62666667,"504.34782610000002",5,4,"NA","ann"
"Vulpia alopecuros","Vulpia myuros",28.07,"543.0625",4,4,"NA","ann"
"Vulpia fasciculata",NA,NA,NA,NA,NA,NA,NA
"Vulpia alopecuros","Vulpia myuros",28.07,"543.0625",4,4,"NA","ann"
"Vulpia unilateralis","Vulpia unilateralis",25.25111111,"434.98242190000002",3,3,"NA","ann"
"x Triticosecale rimpaui",NA,NA,NA,NA,NA,NA,NA
"Xanthium orientale",NA,NA,NA,NA,NA,NA,NA
"Xanthium orientale subsp. italicum",NA,NA,NA,NA,NA,NA,NA
"Xanthium orientale subsp. orientale",NA,NA,NA,NA,NA,NA,NA
"Xanthium spinosum",NA,NA,NA,NA,NA,NA,NA
"Xanthium strumarium","Xanthium strumarium",16.42875,"23649.67901",7,8,"NA","ann"
"Xanthium orientale subsp. italicum",NA,NA,NA,NA,NA,NA,NA
"Xeranthemum cylindraceum",NA,NA,NA,NA,NA,NA,NA
"Zea mays",NA,NA,NA,NA,NA,NA,NA
"Ziziphora acinos","Clinopodium acinos",19.2175,"558.66666669999995",3,3,"NA","ann"
